order_item_id,order_id,product_id,quantity,unit_price,discount_pct,item_total
OI000001,O00001,P023,1,499,15,424.15
OI000002,O00002,P020,1,349,0,349.0
OI000003,O00003,P001,2,549,10,988.2
OI000004,O00003,P002,1,599,20,479.2
OI000005,O00004,P009,2,349,5,663.1
OI000006,O00005,P020,3,349,10,942.3
OI000007,O00005,P006,1,599,5,569.05
OI000008,O00006,P014,1,499,15,424.15
OI000009,O00007,P006,2,599,0,1198.0
OI000010,O00007,P021,3,399,5,1137.15
OI000011,O00008,P021,2,399,0,798.0
OI000012,O00008,P017,1,299,20,239.2
OI000013,O00009,P007,1,699,0,699.0
OI000014,O00010,P004,1,649,0,649.0
OI000015,O00011,P003,1,699,20,559.2
OI000016,O00012,P016,1,299,15,254.15
OI000017,O00013,P006,1,599,20,479.2
OI000018,O00013,P028,1,249,15,211.65
OI000019,O00014,P010,1,399,5,379.05
OI000020,O00015,P006,1,599,5,569.05
OI000021,O00016,P002,1,599,25,449.25
OI000022,O00017,P022,1,499,5,474.05
OI000023,O00017,P004,1,649,10,584.1
OI000024,O00018,P006,1,599,5,569.05
OI000025,O00018,P015,1,449,0,449.0
OI000026,O00018,P009,1,349,5,331.55
OI000027,O00019,P014,1,499,10,449.1
OI000028,O00019,P013,2,399,10,718.2
OI000029,O00019,P022,2,499,10,898.2
OI000030,O00019,P021,1,399,20,319.2
OI000031,O00020,P004,3,649,15,1654.95
OI000032,O00020,P028,1,249,5,236.55
OI000033,O00021,P001,2,549,0,1098.0
OI000034,O00021,P017,1,299,10,269.1
OI000035,O00021,P014,1,499,25,374.25
OI000036,O00022,P004,1,649,10,584.1
OI000037,O00023,P007,1,699,15,594.15
OI000038,O00024,P010,1,399,0,399.0
OI000039,O00024,P012,2,449,0,898.0
OI000040,O00024,P012,1,449,5,426.55
OI000041,O00025,P006,1,599,10,539.1
OI000042,O00025,P022,1,499,0,499.0
OI000043,O00026,P016,1,299,0,299.0
OI000044,O00026,P007,1,699,25,524.25
OI000045,O00027,P001,1,549,10,494.1
OI000046,O00027,P025,1,599,5,569.05
OI000047,O00028,P014,3,499,25,1122.75
OI000048,O00028,P001,2,549,10,988.2
OI000049,O00029,P004,1,649,0,649.0
OI000050,O00029,P012,2,449,15,763.3
OI000051,O00030,P014,1,499,5,474.05
OI000052,O00030,P004,1,649,15,551.65
OI000053,O00031,P003,1,699,15,594.15
OI000054,O00032,P024,1,799,20,639.2
OI000055,O00033,P009,2,349,0,698.0
OI000056,O00033,P007,1,699,5,664.05
OI000057,O00033,P002,1,599,20,479.2
OI000058,O00034,P018,1,349,15,296.65
OI000059,O00035,P013,1,399,25,299.25
OI000060,O00036,P012,1,449,0,449.0
OI000061,O00037,P021,3,399,5,1137.15
OI000062,O00037,P001,1,549,10,494.1
OI000063,O00037,P005,1,699,15,594.15
OI000064,O00038,P003,1,699,0,699.0
OI000065,O00039,P015,1,449,5,426.55
OI000066,O00040,P028,1,249,0,249.0
OI000067,O00040,P009,1,349,20,279.2
OI000068,O00041,P018,1,349,5,331.55
OI000069,O00042,P003,2,699,20,1118.4
OI000070,O00043,P024,2,799,0,1598.0
OI000071,O00043,P002,1,599,25,449.25
OI000072,O00044,P011,1,349,15,296.65
OI000073,O00044,P014,1,499,20,399.2
OI000074,O00044,P010,2,399,15,678.3
OI000075,O00045,P016,1,299,20,239.2
OI000076,O00046,P002,1,599,5,569.05
OI000077,O00046,P016,1,299,5,284.05
OI000078,O00047,P012,1,449,25,336.75
OI000079,O00048,P021,1,399,20,319.2
OI000080,O00049,P027,2,399,10,718.2
OI000081,O00049,P015,1,449,10,404.1
OI000082,O00050,P009,1,349,10,314.1
OI000083,O00050,P011,1,349,5,331.55
OI000084,O00051,P005,1,699,20,559.2
OI000085,O00052,P015,1,449,0,449.0
OI000086,O00053,P014,2,499,15,848.3
OI000087,O00054,P014,1,499,5,474.05
OI000088,O00055,P026,1,449,10,404.1
OI000089,O00055,P015,1,449,5,426.55
OI000090,O00056,P011,1,349,10,314.1
OI000091,O00057,P002,1,599,5,569.05
OI000092,O00058,P003,1,699,20,559.2
OI000093,O00058,P024,1,799,10,719.1
OI000094,O00059,P028,1,249,5,236.55
OI000095,O00059,P008,1,799,15,679.15
OI000096,O00059,P013,2,399,15,678.3
OI000097,O00060,P007,1,699,10,629.1
OI000098,O00060,P004,1,649,5,616.55
OI000099,O00060,P016,1,299,0,299.0
OI000100,O00060,P004,1,649,5,616.55
OI000101,O00061,P012,1,449,15,381.65
OI000102,O00061,P014,1,499,5,474.05
OI000103,O00062,P027,1,399,10,359.1
OI000104,O00063,P013,1,399,20,319.2
OI000105,O00064,P028,1,249,10,224.1
OI000106,O00065,P028,1,249,20,199.2
OI000107,O00065,P019,1,399,0,399.0
OI000108,O00066,P010,1,399,10,359.1
OI000109,O00066,P001,1,549,10,494.1
OI000110,O00067,P007,1,699,15,594.15
OI000111,O00067,P026,1,449,0,449.0
OI000112,O00068,P024,2,799,0,1598.0
OI000113,O00068,P016,1,299,10,269.1
OI000114,O00068,P027,1,399,10,359.1
OI000115,O00068,P001,1,549,5,521.55
OI000116,O00069,P006,1,599,10,539.1
OI000117,O00069,P003,1,699,15,594.15
OI000118,O00070,P014,2,499,5,948.1
OI000119,O00071,P009,1,349,0,349.0
OI000120,O00071,P008,1,799,5,759.05
OI000121,O00072,P014,2,499,20,798.4
OI000122,O00073,P019,1,399,5,379.05
OI000123,O00073,P005,2,699,10,1258.2
OI000124,O00074,P011,1,349,5,331.55
OI000125,O00075,P001,1,549,5,521.55
OI000126,O00075,P018,1,349,10,314.1
OI000127,O00075,P006,2,599,5,1138.1
OI000128,O00076,P015,1,449,5,426.55
OI000129,O00076,P006,1,599,10,539.1
OI000130,O00076,P018,2,349,0,698.0
OI000131,O00076,P014,1,499,25,374.25
OI000132,O00077,P004,1,649,15,551.65
OI000133,O00078,P003,1,699,0,699.0
OI000134,O00079,P017,1,299,5,284.05
OI000135,O00080,P004,1,649,15,551.65
OI000136,O00081,P012,1,449,10,404.1
OI000137,O00081,P010,1,399,0,399.0
OI000138,O00081,P004,2,649,10,1168.2
OI000139,O00082,P010,2,399,15,678.3
OI000140,O00083,P010,1,399,20,319.2
OI000141,O00083,P006,1,599,10,539.1
OI000142,O00084,P004,1,649,5,616.55
OI000143,O00085,P006,1,599,5,569.05
OI000144,O00086,P015,1,449,5,426.55
OI000145,O00086,P016,1,299,15,254.15
OI000146,O00087,P010,3,399,0,1197.0
OI000147,O00087,P016,1,299,0,299.0
OI000148,O00087,P007,1,699,0,699.0
OI000149,O00088,P016,1,299,25,224.25
OI000150,O00088,P009,1,349,5,331.55
OI000151,O00089,P021,1,399,25,299.25
OI000152,O00090,P021,2,399,10,718.2
OI000153,O00090,P027,1,399,25,299.25
OI000154,O00090,P024,1,799,15,679.15
OI000155,O00091,P015,3,449,15,1144.95
OI000156,O00092,P026,1,449,5,426.55
OI000157,O00093,P005,1,699,10,629.1
OI000158,O00094,P024,1,799,15,679.15
OI000159,O00094,P014,1,499,5,474.05
OI000160,O00094,P006,1,599,0,599.0
OI000161,O00095,P004,1,649,10,584.1
OI000162,O00095,P028,1,249,0,249.0
OI000163,O00096,P015,1,449,10,404.1
OI000164,O00097,P003,1,699,5,664.05
OI000165,O00098,P020,1,349,10,314.1
OI000166,O00098,P007,1,699,15,594.15
OI000167,O00099,P009,1,349,20,279.2
OI000168,O00100,P016,1,299,15,254.15
OI000169,O00101,P008,1,799,10,719.1
OI000170,O00102,P011,1,349,20,279.2
OI000171,O00103,P011,1,349,25,261.75
OI000172,O00103,P002,1,599,10,539.1
OI000173,O00103,P019,1,399,20,319.2
OI000174,O00104,P023,2,499,10,898.2
OI000175,O00104,P011,1,349,20,279.2
OI000176,O00104,P024,1,799,10,719.1
OI000177,O00105,P006,1,599,5,569.05
OI000178,O00106,P001,1,549,5,521.55
OI000179,O00107,P022,1,499,10,449.1
OI000180,O00107,P005,1,699,15,594.15
OI000181,O00108,P003,1,699,10,629.1
OI000182,O00109,P010,1,399,0,399.0
OI000183,O00110,P006,1,599,10,539.1
OI000184,O00111,P010,1,399,10,359.1
OI000185,O00111,P018,1,349,10,314.1
OI000186,O00112,P007,1,699,0,699.0
OI000187,O00113,P006,3,599,10,1617.3
OI000188,O00114,P027,1,399,0,399.0
OI000189,O00115,P010,1,399,5,379.05
OI000190,O00115,P005,1,699,20,559.2
OI000191,O00116,P008,1,799,5,759.05
OI000192,O00117,P015,1,449,0,449.0
OI000193,O00118,P007,1,699,5,664.05
OI000194,O00119,P012,1,449,5,426.55
OI000195,O00119,P017,1,299,0,299.0
OI000196,O00120,P012,2,449,0,898.0
OI000197,O00120,P018,1,349,10,314.1
OI000198,O00121,P004,1,649,0,649.0
OI000199,O00121,P018,1,349,5,331.55
OI000200,O00122,P010,1,399,5,379.05
OI000201,O00122,P009,1,349,5,331.55
OI000202,O00122,P008,1,799,10,719.1
OI000203,O00122,P028,1,249,5,236.55
OI000204,O00123,P014,1,499,5,474.05
OI000205,O00123,P012,2,449,0,898.0
OI000206,O00123,P028,2,249,15,423.3
OI000207,O00123,P007,1,699,10,629.1
OI000208,O00124,P021,1,399,5,379.05
OI000209,O00125,P021,1,399,15,339.15
OI000210,O00126,P019,1,399,5,379.05
OI000211,O00127,P018,2,349,0,698.0
OI000212,O00127,P014,1,499,10,449.1
OI000213,O00127,P002,1,599,10,539.1
OI000214,O00127,P010,1,399,5,379.05
OI000215,O00128,P028,1,249,5,236.55
OI000216,O00128,P012,1,449,15,381.65
OI000217,O00129,P028,1,249,25,186.75
OI000218,O00130,P001,1,549,10,494.1
OI000219,O00130,P017,1,299,5,284.05
OI000220,O00131,P004,1,649,15,551.65
OI000221,O00132,P007,2,699,5,1328.1
OI000222,O00133,P027,1,399,15,339.15
OI000223,O00134,P006,1,599,15,509.15
OI000224,O00134,P028,1,249,20,199.2
OI000225,O00135,P018,1,349,15,296.65
OI000226,O00136,P021,2,399,5,758.1
OI000227,O00137,P008,1,799,5,759.05
OI000228,O00137,P013,2,399,15,678.3
OI000229,O00137,P027,1,399,20,319.2
OI000230,O00138,P004,1,649,0,649.0
OI000231,O00138,P004,3,649,10,1752.3
OI000232,O00139,P023,1,499,10,449.1
OI000233,O00140,P010,1,399,25,299.25
OI000234,O00141,P001,1,549,5,521.55
OI000235,O00142,P011,2,349,20,558.4
OI000236,O00143,P007,1,699,20,559.2
OI000237,O00143,P004,1,649,20,519.2
OI000238,O00144,P014,1,499,5,474.05
OI000239,O00145,P028,1,249,10,224.1
OI000240,O00145,P015,1,449,0,449.0
OI000241,O00146,P019,1,399,10,359.1
OI000242,O00147,P014,1,499,10,449.1
OI000243,O00147,P012,1,449,10,404.1
OI000244,O00148,P022,2,499,0,998.0
OI000245,O00148,P007,1,699,0,699.0
OI000246,O00149,P026,1,449,5,426.55
OI000247,O00149,P002,1,599,0,599.0
OI000248,O00150,P002,1,599,25,449.25
OI000249,O00151,P012,3,449,5,1279.65
OI000250,O00152,P014,1,499,25,374.25
OI000251,O00153,P008,2,799,5,1518.1
OI000252,O00154,P008,1,799,0,799.0
OI000253,O00154,P018,1,349,5,331.55
OI000254,O00155,P013,1,399,15,339.15
OI000255,O00155,P008,2,799,5,1518.1
OI000256,O00155,P020,1,349,5,331.55
OI000257,O00156,P014,1,499,20,399.2
OI000258,O00156,P009,1,349,15,296.65
OI000259,O00157,P001,1,549,0,549.0
OI000260,O00158,P004,2,649,20,1038.4
OI000261,O00158,P024,1,799,0,799.0
OI000262,O00159,P018,1,349,10,314.1
OI000263,O00159,P001,1,549,5,521.55
OI000264,O00160,P013,1,399,5,379.05
OI000265,O00160,P003,2,699,15,1188.3
OI000266,O00160,P013,1,399,0,399.0
OI000267,O00161,P009,1,349,20,279.2
OI000268,O00162,P002,1,599,0,599.0
OI000269,O00162,P021,1,399,10,359.1
OI000270,O00163,P020,1,349,0,349.0
OI000271,O00163,P024,1,799,5,759.05
OI000272,O00164,P015,1,449,25,336.75
OI000273,O00165,P014,1,499,10,449.1
OI000274,O00165,P012,2,449,0,898.0
OI000275,O00165,P014,2,499,0,998.0
OI000276,O00166,P014,1,499,15,424.15
OI000277,O00167,P025,1,599,20,479.2
OI000278,O00167,P026,3,449,10,1212.3
OI000279,O00168,P002,1,599,15,509.15
OI000280,O00169,P011,1,349,20,279.2
OI000281,O00169,P004,2,649,0,1298.0
OI000282,O00170,P002,2,599,10,1078.2
OI000283,O00170,P015,1,449,0,449.0
OI000284,O00170,P010,1,399,10,359.1
OI000285,O00170,P011,1,349,5,331.55
OI000286,O00171,P009,3,349,10,942.3
OI000287,O00172,P024,1,799,10,719.1
OI000288,O00173,P002,1,599,15,509.15
OI000289,O00174,P026,1,449,15,381.65
OI000290,O00175,P018,1,349,10,314.1
OI000291,O00176,P014,1,499,10,449.1
OI000292,O00177,P008,2,799,0,1598.0
OI000293,O00177,P002,1,599,25,449.25
OI000294,O00177,P004,1,649,5,616.55
OI000295,O00178,P004,1,649,5,616.55
OI000296,O00179,P007,2,699,5,1328.1
OI000297,O00180,P006,2,599,5,1138.1
OI000298,O00180,P006,1,599,10,539.1
OI000299,O00181,P012,1,449,5,426.55
OI000300,O00182,P003,1,699,10,629.1
OI000301,O00182,P023,2,499,10,898.2
OI000302,O00183,P015,1,449,20,359.2
OI000303,O00183,P025,1,599,5,569.05
OI000304,O00183,P007,1,699,0,699.0
OI000305,O00184,P003,1,699,10,629.1
OI000306,O00184,P013,1,399,10,359.1
OI000307,O00185,P016,1,299,0,299.0
OI000308,O00186,P022,2,499,15,848.3
OI000309,O00187,P009,1,349,15,296.65
OI000310,O00187,P023,1,499,5,474.05
OI000311,O00188,P012,1,449,0,449.0
OI000312,O00188,P024,1,799,0,799.0
OI000313,O00189,P008,1,799,15,679.15
OI000314,O00190,P004,1,649,0,649.0
OI000315,O00190,P014,1,499,10,449.1
OI000316,O00190,P026,2,449,0,898.0
OI000317,O00191,P012,2,449,5,853.1
OI000318,O00192,P010,1,399,10,359.1
OI000319,O00193,P002,1,599,10,539.1
OI000320,O00193,P001,1,549,15,466.65
OI000321,O00193,P026,2,449,10,808.2
OI000322,O00194,P015,1,449,5,426.55
OI000323,O00194,P020,1,349,10,314.1
OI000324,O00194,P008,1,799,5,759.05
OI000325,O00195,P016,1,299,0,299.0
OI000326,O00195,P027,1,399,0,399.0
OI000327,O00196,P003,2,699,15,1188.3
OI000328,O00197,P005,1,699,10,629.1
OI000329,O00198,P005,1,699,20,559.2
OI000330,O00198,P003,1,699,0,699.0
OI000331,O00198,P016,1,299,20,239.2
OI000332,O00198,P002,1,599,15,509.15
OI000333,O00199,P028,1,249,15,211.65
OI000334,O00200,P025,1,599,10,539.1
OI000335,O00200,P014,1,499,25,374.25
OI000336,O00201,P006,1,599,0,599.0
OI000337,O00202,P001,1,549,20,439.2
OI000338,O00202,P011,1,349,15,296.65
OI000339,O00203,P010,1,399,20,319.2
OI000340,O00204,P011,1,349,5,331.55
OI000341,O00205,P016,1,299,0,299.0
OI000342,O00206,P009,1,349,15,296.65
OI000343,O00207,P003,1,699,0,699.0
OI000344,O00208,P018,1,349,0,349.0
OI000345,O00209,P011,1,349,20,279.2
OI000346,O00210,P004,1,649,15,551.65
OI000347,O00211,P005,1,699,10,629.1
OI000348,O00212,P026,1,449,20,359.2
OI000349,O00213,P025,3,599,15,1527.45
OI000350,O00214,P001,1,549,0,549.0
OI000351,O00215,P008,1,799,20,639.2
OI000352,O00216,P024,1,799,5,759.05
OI000353,O00217,P008,2,799,10,1438.2
OI000354,O00218,P012,2,449,5,853.1
OI000355,O00219,P007,2,699,10,1258.2
OI000356,O00219,P004,1,649,15,551.65
OI000357,O00220,P017,1,299,10,269.1
OI000358,O00221,P007,1,699,20,559.2
OI000359,O00222,P021,1,399,5,379.05
OI000360,O00222,P006,1,599,5,569.05
OI000361,O00223,P020,1,349,25,261.75
OI000362,O00223,P013,2,399,15,678.3
OI000363,O00224,P016,1,299,10,269.1
OI000364,O00225,P016,1,299,25,224.25
OI000365,O00225,P007,1,699,15,594.15
OI000366,O00226,P007,1,699,0,699.0
OI000367,O00227,P027,1,399,15,339.15
OI000368,O00227,P008,1,799,10,719.1
OI000369,O00227,P004,1,649,10,584.1
OI000370,O00228,P017,1,299,15,254.15
OI000371,O00229,P009,1,349,15,296.65
OI000372,O00230,P025,1,599,0,599.0
OI000373,O00230,P021,1,399,15,339.15
OI000374,O00230,P026,1,449,10,404.1
OI000375,O00231,P010,1,399,15,339.15
OI000376,O00232,P012,1,449,5,426.55
OI000377,O00232,P004,2,649,0,1298.0
OI000378,O00232,P011,1,349,15,296.65
OI000379,O00232,P003,1,699,0,699.0
OI000380,O00233,P012,1,449,5,426.55
OI000381,O00234,P008,1,799,10,719.1
OI000382,O00235,P019,1,399,10,359.1
OI000383,O00236,P015,1,449,0,449.0
OI000384,O00236,P009,2,349,5,663.1
OI000385,O00236,P028,1,249,0,249.0
OI000386,O00236,P008,2,799,5,1518.1
OI000387,O00237,P007,1,699,0,699.0
OI000388,O00238,P028,1,249,10,224.1
OI000389,O00238,P009,2,349,0,698.0
OI000390,O00239,P015,1,449,10,404.1
OI000391,O00239,P027,1,399,5,379.05
OI000392,O00240,P016,1,299,5,284.05
OI000393,O00241,P011,1,349,10,314.1
OI000394,O00241,P026,1,449,5,426.55
OI000395,O00242,P010,1,399,15,339.15
OI000396,O00243,P005,1,699,15,594.15
OI000397,O00244,P007,1,699,0,699.0
OI000398,O00244,P013,1,399,15,339.15
OI000399,O00245,P024,2,799,15,1358.3
OI000400,O00245,P009,1,349,10,314.1
OI000401,O00246,P026,1,449,5,426.55
OI000402,O00246,P005,1,699,5,664.05
OI000403,O00247,P006,1,599,15,509.15
OI000404,O00248,P020,1,349,5,331.55
OI000405,O00248,P006,2,599,5,1138.1
OI000406,O00249,P006,1,599,20,479.2
OI000407,O00249,P002,2,599,10,1078.2
OI000408,O00249,P021,2,399,15,678.3
OI000409,O00249,P006,1,599,0,599.0
OI000410,O00250,P021,1,399,5,379.05
OI000411,O00250,P022,1,499,15,424.15
OI000412,O00250,P017,1,299,10,269.1
OI000413,O00251,P012,3,449,15,1144.95
OI000414,O00252,P016,2,299,15,508.3
OI000415,O00253,P028,1,249,5,236.55
OI000416,O00253,P005,1,699,5,664.05
OI000417,O00253,P017,1,299,5,284.05
OI000418,O00254,P021,1,399,5,379.05
OI000419,O00254,P006,1,599,5,569.05
OI000420,O00254,P018,2,349,15,593.3
OI000421,O00255,P011,2,349,25,523.5
OI000422,O00256,P006,2,599,25,898.5
OI000423,O00257,P009,1,349,25,261.75
OI000424,O00258,P012,1,449,20,359.2
OI000425,O00258,P028,1,249,15,211.65
OI000426,O00258,P007,2,699,10,1258.2
OI000427,O00258,P009,1,349,0,349.0
OI000428,O00259,P002,1,599,10,539.1
OI000429,O00260,P016,3,299,0,897.0
OI000430,O00260,P005,1,699,0,699.0
OI000431,O00261,P028,1,249,5,236.55
OI000432,O00262,P015,1,449,20,359.2
OI000433,O00263,P013,1,399,5,379.05
OI000434,O00263,P014,1,499,15,424.15
OI000435,O00264,P021,1,399,15,339.15
OI000436,O00265,P015,1,449,0,449.0
OI000437,O00265,P010,1,399,10,359.1
OI000438,O00266,P021,1,399,25,299.25
OI000439,O00267,P010,1,399,10,359.1
OI000440,O00268,P017,1,299,15,254.15
OI000441,O00269,P010,1,399,0,399.0
OI000442,O00269,P001,1,549,10,494.1
OI000443,O00270,P027,2,399,0,798.0
OI000444,O00270,P016,1,299,0,299.0
OI000445,O00271,P020,1,349,10,314.1
OI000446,O00271,P004,1,649,0,649.0
OI000447,O00272,P001,1,549,15,466.65
OI000448,O00273,P026,2,449,5,853.1
OI000449,O00273,P025,1,599,0,599.0
OI000450,O00274,P017,1,299,5,284.05
OI000451,O00275,P009,2,349,10,628.2
OI000452,O00275,P010,1,399,10,359.1
OI000453,O00276,P007,2,699,5,1328.1
OI000454,O00276,P005,1,699,15,594.15
OI000455,O00276,P002,2,599,0,1198.0
OI000456,O00276,P001,1,549,5,521.55
OI000457,O00277,P024,1,799,20,639.2
OI000458,O00277,P014,2,499,25,748.5
OI000459,O00277,P003,1,699,25,524.25
OI000460,O00278,P025,1,599,10,539.1
OI000461,O00278,P004,1,649,0,649.0
OI000462,O00278,P007,1,699,5,664.05
OI000463,O00279,P004,1,649,15,551.65
OI000464,O00280,P011,2,349,15,593.3
OI000465,O00281,P016,2,299,0,598.0
OI000466,O00281,P015,1,449,15,381.65
OI000467,O00282,P018,2,349,20,558.4
OI000468,O00282,P008,1,799,0,799.0
OI000469,O00282,P008,1,799,10,719.1
OI000470,O00283,P024,1,799,5,759.05
OI000471,O00283,P002,1,599,20,479.2
OI000472,O00284,P025,1,599,5,569.05
OI000473,O00285,P026,1,449,0,449.0
OI000474,O00285,P011,1,349,5,331.55
OI000475,O00286,P021,1,399,5,379.05
OI000476,O00286,P014,1,499,0,499.0
OI000477,O00287,P010,1,399,5,379.05
OI000478,O00288,P010,2,399,10,718.2
OI000479,O00289,P005,1,699,15,594.15
OI000480,O00290,P009,1,349,0,349.0
OI000481,O00291,P008,2,799,5,1518.1
OI000482,O00292,P012,1,449,10,404.1
OI000483,O00292,P011,2,349,5,663.1
OI000484,O00293,P018,1,349,10,314.1
OI000485,O00293,P015,2,449,15,763.3
OI000486,O00293,P024,1,799,0,799.0
OI000487,O00294,P013,1,399,5,379.05
OI000488,O00294,P027,2,399,15,678.3
OI000489,O00295,P002,3,599,10,1617.3
OI000490,O00296,P010,1,399,5,379.05
OI000491,O00297,P015,2,449,0,898.0
OI000492,O00298,P023,1,499,15,424.15
OI000493,O00299,P011,2,349,5,663.1
OI000494,O00300,P014,1,499,15,424.15
OI000495,O00300,P012,1,449,5,426.55
OI000496,O00301,P021,2,399,20,638.4
OI000497,O00302,P014,1,499,15,424.15
OI000498,O00303,P013,1,399,0,399.0
OI000499,O00303,P020,1,349,15,296.65
OI000500,O00304,P005,1,699,15,594.15
OI000501,O00305,P027,1,399,0,399.0
OI000502,O00305,P001,3,549,10,1482.3
OI000503,O00305,P012,1,449,5,426.55
OI000504,O00305,P017,1,299,0,299.0
OI000505,O00306,P026,2,449,20,718.4
OI000506,O00307,P026,2,449,5,853.1
OI000507,O00307,P002,3,599,5,1707.15
OI000508,O00308,P011,1,349,0,349.0
OI000509,O00309,P010,1,399,15,339.15
OI000510,O00310,P010,1,399,0,399.0
OI000511,O00310,P002,3,599,20,1437.6
OI000512,O00311,P010,1,399,0,399.0
OI000513,O00311,P003,2,699,5,1328.1
OI000514,O00312,P011,1,349,0,349.0
OI000515,O00312,P008,1,799,0,799.0
OI000516,O00313,P003,1,699,10,629.1
OI000517,O00314,P006,2,599,10,1078.2
OI000518,O00315,P004,1,649,15,551.65
OI000519,O00316,P004,1,649,15,551.65
OI000520,O00317,P021,1,399,5,379.05
OI000521,O00317,P021,2,399,0,798.0
OI000522,O00318,P004,2,649,15,1103.3
OI000523,O00319,P003,1,699,5,664.05
OI000524,O00319,P026,2,449,10,808.2
OI000525,O00320,P005,1,699,10,629.1
OI000526,O00320,P009,3,349,5,994.65
OI000527,O00321,P003,1,699,10,629.1
OI000528,O00322,P011,1,349,5,331.55
OI000529,O00323,P025,1,599,5,569.05
OI000530,O00324,P010,1,399,10,359.1
OI000531,O00325,P009,2,349,10,628.2
OI000532,O00325,P002,1,599,15,509.15
OI000533,O00326,P006,3,599,25,1347.75
OI000534,O00326,P017,1,299,15,254.15
OI000535,O00327,P028,2,249,5,473.1
OI000536,O00327,P027,1,399,5,379.05
OI000537,O00328,P002,2,599,5,1138.1
OI000538,O00329,P008,1,799,5,759.05
OI000539,O00329,P010,1,399,10,359.1
OI000540,O00330,P005,1,699,10,629.1
OI000541,O00330,P009,1,349,20,279.2
OI000542,O00330,P013,1,399,0,399.0
OI000543,O00330,P004,1,649,0,649.0
OI000544,O00331,P009,1,349,5,331.55
OI000545,O00332,P024,1,799,15,679.15
OI000546,O00333,P004,1,649,5,616.55
OI000547,O00334,P011,1,349,10,314.1
OI000548,O00334,P017,2,299,0,598.0
OI000549,O00334,P017,1,299,20,239.2
OI000550,O00335,P013,1,399,20,319.2
OI000551,O00335,P016,2,299,5,568.1
OI000552,O00335,P002,1,599,0,599.0
OI000553,O00336,P015,1,449,10,404.1
OI000554,O00337,P013,1,399,25,299.25
OI000555,O00338,P006,1,599,0,599.0
OI000556,O00339,P025,1,599,0,599.0
OI000557,O00339,P009,1,349,15,296.65
OI000558,O00340,P028,1,249,0,249.0
OI000559,O00341,P004,1,649,20,519.2
OI000560,O00341,P005,1,699,5,664.05
OI000561,O00342,P002,1,599,5,569.05
OI000562,O00343,P008,1,799,5,759.05
OI000563,O00344,P014,1,499,5,474.05
OI000564,O00344,P009,1,349,25,261.75
OI000565,O00345,P015,1,449,5,426.55
OI000566,O00345,P002,1,599,5,569.05
OI000567,O00346,P006,1,599,20,479.2
OI000568,O00347,P024,1,799,0,799.0
OI000569,O00348,P007,1,699,0,699.0
OI000570,O00348,P018,1,349,5,331.55
OI000571,O00349,P004,2,649,10,1168.2
OI000572,O00350,P014,1,499,0,499.0
OI000573,O00351,P009,1,349,5,331.55
OI000574,O00352,P027,1,399,5,379.05
OI000575,O00352,P019,1,399,10,359.1
OI000576,O00353,P014,2,499,0,998.0
OI000577,O00354,P002,1,599,15,509.15
OI000578,O00354,P025,1,599,10,539.1
OI000579,O00354,P024,2,799,10,1438.2
OI000580,O00354,P004,1,649,15,551.65
OI000581,O00355,P018,1,349,0,349.0
OI000582,O00356,P005,2,699,10,1258.2
OI000583,O00356,P004,2,649,0,1298.0
OI000584,O00357,P003,1,699,0,699.0
OI000585,O00358,P020,1,349,10,314.1
OI000586,O00359,P026,1,449,0,449.0
OI000587,O00359,P016,1,299,5,284.05
OI000588,O00360,P016,2,299,10,538.2
OI000589,O00361,P001,2,549,5,1043.1
OI000590,O00362,P026,2,449,25,673.5
OI000591,O00363,P012,1,449,15,381.65
OI000592,O00363,P003,1,699,20,559.2
OI000593,O00363,P020,1,349,10,314.1
OI000594,O00364,P017,1,299,20,239.2
OI000595,O00365,P026,1,449,5,426.55
OI000596,O00365,P019,1,399,15,339.15
OI000597,O00365,P014,1,499,10,449.1
OI000598,O00366,P026,1,449,5,426.55
OI000599,O00366,P018,2,349,25,523.5
OI000600,O00367,P012,1,449,5,426.55
OI000601,O00367,P014,1,499,10,449.1
OI000602,O00368,P021,1,399,5,379.05
OI000603,O00368,P017,3,299,0,897.0
OI000604,O00369,P008,2,799,15,1358.3
OI000605,O00369,P022,1,499,20,399.2
OI000606,O00369,P005,1,699,10,629.1
OI000607,O00369,P018,1,349,25,261.75
OI000608,O00370,P002,1,599,5,569.05
OI000609,O00371,P007,1,699,10,629.1
OI000610,O00371,P016,2,299,5,568.1
OI000611,O00371,P014,2,499,0,998.0
OI000612,O00372,P026,1,449,10,404.1
OI000613,O00373,P004,1,649,25,486.75
OI000614,O00373,P018,1,349,0,349.0
OI000615,O00374,P015,2,449,5,853.1
OI000616,O00375,P017,1,299,20,239.2
OI000617,O00375,P007,1,699,5,664.05
OI000618,O00375,P003,1,699,5,664.05
OI000619,O00375,P008,2,799,15,1358.3
OI000620,O00376,P021,1,399,0,399.0
OI000621,O00377,P001,1,549,15,466.65
OI000622,O00377,P007,1,699,10,629.1
OI000623,O00377,P026,1,449,15,381.65
OI000624,O00378,P004,1,649,15,551.65
OI000625,O00379,P026,1,449,20,359.2
OI000626,O00380,P008,1,799,25,599.25
OI000627,O00380,P020,1,349,5,331.55
OI000628,O00381,P020,1,349,0,349.0
OI000629,O00382,P004,1,649,15,551.65
OI000630,O00382,P027,3,399,10,1077.3
OI000631,O00382,P009,1,349,15,296.65
OI000632,O00383,P018,1,349,15,296.65
OI000633,O00384,P024,2,799,20,1278.4
OI000634,O00384,P021,1,399,5,379.05
OI000635,O00384,P007,1,699,0,699.0
OI000636,O00385,P010,1,399,25,299.25
OI000637,O00385,P012,2,449,15,763.3
OI000638,O00385,P018,1,349,10,314.1
OI000639,O00385,P011,2,349,15,593.3
OI000640,O00386,P012,3,449,15,1144.95
OI000641,O00386,P014,2,499,10,898.2
OI000642,O00386,P014,1,499,0,499.0
OI000643,O00387,P006,1,599,5,569.05
OI000644,O00387,P013,1,399,5,379.05
OI000645,O00387,P019,1,399,10,359.1
OI000646,O00388,P007,1,699,5,664.05
OI000647,O00389,P025,1,599,20,479.2
OI000648,O00390,P003,2,699,0,1398.0
OI000649,O00390,P010,1,399,5,379.05
OI000650,O00391,P004,1,649,5,616.55
OI000651,O00391,P005,1,699,10,629.1
OI000652,O00391,P011,2,349,15,593.3
OI000653,O00392,P003,1,699,0,699.0
OI000654,O00393,P006,1,599,5,569.05
OI000655,O00393,P004,1,649,20,519.2
OI000656,O00394,P003,1,699,5,664.05
OI000657,O00395,P002,1,599,0,599.0
OI000658,O00396,P007,1,699,5,664.05
OI000659,O00397,P019,1,399,5,379.05
OI000660,O00398,P003,2,699,10,1258.2
OI000661,O00398,P014,1,499,15,424.15
OI000662,O00399,P025,2,599,10,1078.2
OI000663,O00399,P018,1,349,5,331.55
OI000664,O00400,P027,1,399,25,299.25
OI000665,O00401,P005,1,699,20,559.2
OI000666,O00402,P001,1,549,0,549.0
OI000667,O00403,P028,2,249,20,398.4
OI000668,O00403,P008,1,799,0,799.0
OI000669,O00404,P028,1,249,15,211.65
OI000670,O00405,P021,1,399,5,379.05
OI000671,O00406,P012,1,449,15,381.65
OI000672,O00407,P014,1,499,0,499.0
OI000673,O00408,P009,1,349,0,349.0
OI000674,O00409,P023,1,499,15,424.15
OI000675,O00409,P002,2,599,15,1018.3
OI000676,O00410,P013,1,399,20,319.2
OI000677,O00411,P009,1,349,0,349.0
OI000678,O00411,P024,1,799,0,799.0
OI000679,O00411,P021,2,399,5,758.1
OI000680,O00412,P016,2,299,5,568.1
OI000681,O00412,P015,1,449,5,426.55
OI000682,O00412,P007,1,699,20,559.2
OI000683,O00413,P028,1,249,5,236.55
OI000684,O00413,P021,1,399,0,399.0
OI000685,O00414,P016,1,299,10,269.1
OI000686,O00414,P006,1,599,10,539.1
OI000687,O00415,P027,2,399,0,798.0
OI000688,O00416,P006,1,599,25,449.25
OI000689,O00416,P022,1,499,5,474.05
OI000690,O00416,P002,1,599,25,449.25
OI000691,O00417,P014,2,499,0,998.0
OI000692,O00418,P017,1,299,20,239.2
OI000693,O00418,P007,1,699,15,594.15
OI000694,O00419,P004,3,649,10,1752.3
OI000695,O00420,P004,1,649,0,649.0
OI000696,O00420,P021,1,399,0,399.0
OI000697,O00421,P007,1,699,0,699.0
OI000698,O00421,P013,1,399,25,299.25
OI000699,O00422,P009,1,349,15,296.65
OI000700,O00423,P024,1,799,0,799.0
OI000701,O00424,P012,1,449,15,381.65
OI000702,O00424,P018,1,349,5,331.55
OI000703,O00424,P016,2,299,5,568.1
OI000704,O00424,P026,2,449,15,763.3
OI000705,O00425,P025,1,599,0,599.0
OI000706,O00425,P012,1,449,0,449.0
OI000707,O00426,P028,1,249,5,236.55
OI000708,O00426,P012,1,449,15,381.65
OI000709,O00426,P009,1,349,10,314.1
OI000710,O00427,P020,1,349,10,314.1
OI000711,O00428,P011,1,349,10,314.1
OI000712,O00429,P010,1,399,5,379.05
OI000713,O00430,P008,1,799,5,759.05
OI000714,O00430,P001,2,549,5,1043.1
OI000715,O00431,P002,1,599,5,569.05
OI000716,O00431,P002,1,599,20,479.2
OI000717,O00432,P008,1,799,5,759.05
OI000718,O00432,P018,1,349,15,296.65
OI000719,O00432,P004,1,649,15,551.65
OI000720,O00433,P004,2,649,15,1103.3
OI000721,O00433,P016,2,299,15,508.3
OI000722,O00434,P004,1,649,10,584.1
OI000723,O00434,P017,1,299,5,284.05
OI000724,O00435,P003,3,699,5,1992.15
OI000725,O00435,P012,1,449,15,381.65
OI000726,O00436,P010,1,399,10,359.1
OI000727,O00437,P010,1,399,0,399.0
OI000728,O00438,P015,2,449,15,763.3
OI000729,O00438,P020,1,349,5,331.55
OI000730,O00438,P009,1,349,5,331.55
OI000731,O00439,P021,1,399,25,299.25
OI000732,O00439,P014,3,499,5,1422.15
OI000733,O00440,P004,1,649,15,551.65
OI000734,O00441,P005,1,699,10,629.1
OI000735,O00441,P002,1,599,15,509.15
OI000736,O00441,P010,2,399,0,798.0
OI000737,O00442,P005,2,699,15,1188.3
OI000738,O00443,P014,1,499,5,474.05
OI000739,O00444,P002,1,599,20,479.2
OI000740,O00444,P016,2,299,0,598.0
OI000741,O00444,P009,1,349,0,349.0
OI000742,O00445,P004,1,649,20,519.2
OI000743,O00446,P025,1,599,0,599.0
OI000744,O00447,P018,1,349,10,314.1
OI000745,O00448,P003,1,699,15,594.15
OI000746,O00448,P020,1,349,10,314.1
OI000747,O00448,P014,1,499,5,474.05
OI000748,O00448,P004,1,649,0,649.0
OI000749,O00449,P014,2,499,25,748.5
OI000750,O00450,P013,1,399,5,379.05
OI000751,O00451,P016,1,299,15,254.15
OI000752,O00451,P016,1,299,0,299.0
OI000753,O00452,P022,1,499,20,399.2
OI000754,O00453,P006,1,599,10,539.1
OI000755,O00453,P018,1,349,10,314.1
OI000756,O00454,P001,1,549,0,549.0
OI000757,O00454,P002,1,599,15,509.15
OI000758,O00455,P002,1,599,0,599.0
OI000759,O00455,P024,1,799,5,759.05
OI000760,O00456,P004,1,649,20,519.2
OI000761,O00457,P002,1,599,20,479.2
OI000762,O00458,P012,1,449,15,381.65
OI000763,O00459,P005,1,699,5,664.05
OI000764,O00459,P010,1,399,25,299.25
OI000765,O00460,P005,1,699,5,664.05
OI000766,O00461,P012,1,449,5,426.55
OI000767,O00461,P003,1,699,0,699.0
OI000768,O00462,P009,1,349,15,296.65
OI000769,O00463,P018,1,349,0,349.0
OI000770,O00463,P023,1,499,0,499.0
OI000771,O00464,P011,1,349,20,279.2
OI000772,O00465,P002,1,599,15,509.15
OI000773,O00466,P001,1,549,15,466.65
OI000774,O00467,P018,3,349,20,837.6
OI000775,O00467,P001,1,549,0,549.0
OI000776,O00468,P011,1,349,15,296.65
OI000777,O00468,P027,2,399,5,758.1
OI000778,O00468,P012,1,449,25,336.75
OI000779,O00469,P020,1,349,0,349.0
OI000780,O00469,P008,2,799,0,1598.0
OI000781,O00470,P002,1,599,10,539.1
OI000782,O00471,P008,1,799,20,639.2
OI000783,O00472,P007,1,699,15,594.15
OI000784,O00472,P001,1,549,5,521.55
OI000785,O00472,P026,2,449,20,718.4
OI000786,O00473,P006,1,599,5,569.05
OI000787,O00473,P010,1,399,20,319.2
OI000788,O00474,P017,1,299,15,254.15
OI000789,O00475,P012,1,449,10,404.1
OI000790,O00476,P022,1,499,5,474.05
OI000791,O00477,P012,1,449,10,404.1
OI000792,O00477,P017,1,299,25,224.25
OI000793,O00478,P016,1,299,0,299.0
OI000794,O00479,P028,2,249,15,423.3
OI000795,O00480,P016,1,299,10,269.1
OI000796,O00480,P004,1,649,5,616.55
OI000797,O00481,P010,1,399,10,359.1
OI000798,O00482,P003,2,699,10,1258.2
OI000799,O00483,P020,1,349,5,331.55
OI000800,O00483,P007,1,699,20,559.2
OI000801,O00484,P027,1,399,10,359.1
OI000802,O00485,P018,2,349,0,698.0
OI000803,O00485,P006,2,599,15,1018.3
OI000804,O00486,P009,1,349,0,349.0
OI000805,O00486,P028,1,249,5,236.55
OI000806,O00487,P014,1,499,10,449.1
OI000807,O00488,P012,1,449,15,381.65
OI000808,O00488,P004,1,649,5,616.55
OI000809,O00489,P012,1,449,10,404.1
OI000810,O00490,P013,1,399,10,359.1
OI000811,O00491,P005,2,699,0,1398.0
OI000812,O00492,P012,2,449,10,808.2
OI000813,O00493,P024,1,799,0,799.0
OI000814,O00493,P011,1,349,5,331.55
OI000815,O00493,P003,1,699,10,629.1
OI000816,O00494,P009,1,349,10,314.1
OI000817,O00494,P016,1,299,5,284.05
OI000818,O00495,P006,1,599,5,569.05
OI000819,O00496,P001,1,549,10,494.1
OI000820,O00497,P005,2,699,5,1328.1
OI000821,O00497,P017,1,299,10,269.1
OI000822,O00497,P026,1,449,15,381.65
OI000823,O00498,P021,1,399,25,299.25
OI000824,O00499,P007,1,699,10,629.1
OI000825,O00500,P025,2,599,15,1018.3
OI000826,O00500,P025,1,599,15,509.15
OI000827,O00501,P027,2,399,5,758.1
OI000828,O00502,P021,2,399,0,798.0
OI000829,O00503,P021,1,399,10,359.1
OI000830,O00503,P014,1,499,5,474.05
OI000831,O00504,P002,2,599,5,1138.1
OI000832,O00505,P024,1,799,10,719.1
OI000833,O00506,P017,1,299,15,254.15
OI000834,O00507,P008,1,799,15,679.15
OI000835,O00508,P015,2,449,0,898.0
OI000836,O00508,P004,1,649,15,551.65
OI000837,O00508,P001,1,549,15,466.65
OI000838,O00508,P026,1,449,10,404.1
OI000839,O00509,P013,2,399,15,678.3
OI000840,O00509,P003,1,699,10,629.1
OI000841,O00510,P028,1,249,10,224.1
OI000842,O00511,P026,1,449,10,404.1
OI000843,O00511,P006,2,599,5,1138.1
OI000844,O00511,P025,1,599,5,569.05
OI000845,O00511,P016,1,299,0,299.0
OI000846,O00512,P026,1,449,0,449.0
OI000847,O00513,P017,1,299,20,239.2
OI000848,O00514,P017,1,299,10,269.1
OI000849,O00514,P018,2,349,10,628.2
OI000850,O00515,P007,1,699,10,629.1
OI000851,O00516,P018,1,349,10,314.1
OI000852,O00516,P028,1,249,10,224.1
OI000853,O00517,P016,2,299,15,508.3
OI000854,O00517,P003,1,699,20,559.2
OI000855,O00517,P005,2,699,10,1258.2
OI000856,O00518,P010,1,399,20,319.2
OI000857,O00519,P019,1,399,5,379.05
OI000858,O00520,P015,1,449,0,449.0
OI000859,O00521,P007,2,699,25,1048.5
OI000860,O00521,P005,2,699,15,1188.3
OI000861,O00522,P016,1,299,5,284.05
OI000862,O00523,P024,1,799,5,759.05
OI000863,O00524,P022,1,499,0,499.0
OI000864,O00524,P023,1,499,5,474.05
OI000865,O00524,P014,2,499,5,948.1
OI000866,O00525,P015,1,449,10,404.1
OI000867,O00526,P009,2,349,5,663.1
OI000868,O00527,P023,1,499,15,424.15
OI000869,O00528,P007,1,699,10,629.1
OI000870,O00529,P018,1,349,10,314.1
OI000871,O00529,P001,2,549,0,1098.0
OI000872,O00530,P001,1,549,5,521.55
OI000873,O00531,P017,1,299,5,284.05
OI000874,O00532,P010,1,399,5,379.05
OI000875,O00532,P011,1,349,10,314.1
OI000876,O00533,P019,1,399,5,379.05
OI000877,O00534,P008,1,799,20,639.2
OI000878,O00534,P017,3,299,0,897.0
OI000879,O00535,P028,1,249,5,236.55
OI000880,O00536,P024,1,799,20,639.2
OI000881,O00536,P006,1,599,0,599.0
OI000882,O00537,P008,1,799,25,599.25
OI000883,O00538,P017,1,299,0,299.0
OI000884,O00539,P021,2,399,10,718.2
OI000885,O00540,P005,1,699,10,629.1
OI000886,O00541,P024,1,799,0,799.0
OI000887,O00541,P016,2,299,25,448.5
OI000888,O00542,P010,1,399,15,339.15
OI000889,O00542,P011,1,349,5,331.55
OI000890,O00543,P013,2,399,15,678.3
OI000891,O00543,P012,1,449,5,426.55
OI000892,O00544,P008,2,799,10,1438.2
OI000893,O00544,P025,1,599,5,569.05
OI000894,O00545,P001,1,549,10,494.1
OI000895,O00545,P017,1,299,0,299.0
OI000896,O00546,P003,1,699,10,629.1
OI000897,O00546,P010,1,399,0,399.0
OI000898,O00546,P023,1,499,25,374.25
OI000899,O00547,P016,2,299,10,538.2
OI000900,O00547,P002,1,599,0,599.0
OI000901,O00548,P008,1,799,15,679.15
OI000902,O00549,P019,1,399,15,339.15
OI000903,O00549,P020,1,349,15,296.65
OI000904,O00549,P005,1,699,20,559.2
OI000905,O00549,P009,1,349,15,296.65
OI000906,O00550,P006,1,599,15,509.15
OI000907,O00550,P010,1,399,15,339.15
OI000908,O00550,P002,1,599,0,599.0
OI000909,O00550,P009,2,349,10,628.2
OI000910,O00551,P007,3,699,10,1887.3
OI000911,O00551,P008,1,799,5,759.05
OI000912,O00552,P004,1,649,5,616.55
OI000913,O00552,P003,1,699,10,629.1
OI000914,O00553,P003,1,699,10,629.1
OI000915,O00553,P025,1,599,0,599.0
OI000916,O00554,P028,2,249,15,423.3
OI000917,O00555,P028,1,249,0,249.0
OI000918,O00556,P006,1,599,0,599.0
OI000919,O00557,P011,1,349,10,314.1
OI000920,O00558,P002,1,599,15,509.15
OI000921,O00559,P025,1,599,0,599.0
OI000922,O00559,P015,1,449,5,426.55
OI000923,O00560,P010,2,399,10,718.2
OI000924,O00560,P004,1,649,15,551.65
OI000925,O00560,P016,1,299,20,239.2
OI000926,O00561,P007,1,699,10,629.1
OI000927,O00561,P006,2,599,10,1078.2
OI000928,O00562,P024,1,799,20,639.2
OI000929,O00562,P002,1,599,5,569.05
OI000930,O00563,P002,1,599,5,569.05
OI000931,O00564,P018,1,349,5,331.55
OI000932,O00565,P026,1,449,5,426.55
OI000933,O00565,P021,1,399,10,359.1
OI000934,O00565,P014,1,499,15,424.15
OI000935,O00566,P018,1,349,15,296.65
OI000936,O00567,P014,1,499,20,399.2
OI000937,O00568,P010,1,399,5,379.05
OI000938,O00569,P007,1,699,15,594.15
OI000939,O00570,P004,1,649,10,584.1
OI000940,O00570,P023,1,499,5,474.05
OI000941,O00571,P009,1,349,10,314.1
OI000942,O00571,P007,1,699,5,664.05
OI000943,O00571,P008,1,799,25,599.25
OI000944,O00571,P016,1,299,25,224.25
OI000945,O00572,P005,3,699,10,1887.3
OI000946,O00573,P024,3,799,15,2037.45
OI000947,O00574,P026,1,449,5,426.55
OI000948,O00575,P004,1,649,5,616.55
OI000949,O00576,P011,1,349,15,296.65
OI000950,O00576,P002,2,599,10,1078.2
OI000951,O00577,P001,1,549,10,494.1
OI000952,O00578,P025,1,599,10,539.1
OI000953,O00579,P028,1,249,15,211.65
OI000954,O00579,P017,1,299,15,254.15
OI000955,O00580,P006,1,599,15,509.15
OI000956,O00581,P006,1,599,0,599.0
OI000957,O00582,P021,1,399,10,359.1
OI000958,O00583,P015,1,449,5,426.55
OI000959,O00584,P012,1,449,10,404.1
OI000960,O00585,P022,1,499,5,474.05
OI000961,O00585,P023,1,499,10,449.1
OI000962,O00585,P020,1,349,0,349.0
OI000963,O00586,P018,1,349,10,314.1
OI000964,O00587,P025,1,599,5,569.05
OI000965,O00587,P025,1,599,5,569.05
OI000966,O00588,P010,1,399,0,399.0
OI000967,O00589,P005,1,699,10,629.1
OI000968,O00589,P021,1,399,15,339.15
OI000969,O00590,P007,1,699,10,629.1
OI000970,O00590,P024,1,799,10,719.1
OI000971,O00590,P006,3,599,20,1437.6
OI000972,O00591,P016,2,299,0,598.0
OI000973,O00592,P005,1,699,0,699.0
OI000974,O00593,P007,1,699,15,594.15
OI000975,O00593,P004,1,649,5,616.55
OI000976,O00593,P008,1,799,5,759.05
OI000977,O00594,P007,1,699,15,594.15
OI000978,O00594,P009,1,349,10,314.1
OI000979,O00595,P019,1,399,5,379.05
OI000980,O00595,P009,3,349,10,942.3
OI000981,O00595,P027,1,399,0,399.0
OI000982,O00596,P007,1,699,0,699.0
OI000983,O00597,P002,1,599,5,569.05
OI000984,O00597,P020,2,349,20,558.4
OI000985,O00598,P006,1,599,0,599.0
OI000986,O00598,P018,1,349,5,331.55
OI000987,O00599,P013,1,399,5,379.05
OI000988,O00600,P023,2,499,10,898.2
OI000989,O00600,P002,3,599,15,1527.45
OI000990,O00601,P016,1,299,5,284.05
OI000991,O00601,P002,1,599,15,509.15
OI000992,O00602,P005,1,699,5,664.05
OI000993,O00603,P023,1,499,25,374.25
OI000994,O00603,P019,1,399,5,379.05
OI000995,O00604,P027,1,399,20,319.2
OI000996,O00605,P012,1,449,20,359.2
OI000997,O00605,P004,1,649,5,616.55
OI000998,O00606,P010,1,399,20,319.2
OI000999,O00606,P023,2,499,5,948.1
OI001000,O00607,P001,1,549,0,549.0
OI001001,O00608,P003,1,699,10,629.1
OI001002,O00608,P004,2,649,5,1233.1
OI001003,O00608,P012,1,449,15,381.65
OI001004,O00609,P004,1,649,20,519.2
OI001005,O00610,P025,1,599,5,569.05
OI001006,O00611,P014,1,499,15,424.15
OI001007,O00611,P003,1,699,10,629.1
OI001008,O00612,P016,1,299,0,299.0
OI001009,O00612,P012,1,449,10,404.1
OI001010,O00612,P014,1,499,20,399.2
OI001011,O00612,P024,1,799,20,639.2
OI001012,O00613,P004,1,649,25,486.75
OI001013,O00613,P024,1,799,5,759.05
OI001014,O00613,P028,1,249,15,211.65
OI001015,O00614,P011,2,349,15,593.3
OI001016,O00614,P002,1,599,15,509.15
OI001017,O00615,P026,3,449,25,1010.25
OI001018,O00616,P009,1,349,20,279.2
OI001019,O00616,P014,1,499,15,424.15
OI001020,O00617,P004,1,649,10,584.1
OI001021,O00618,P013,1,399,20,319.2
OI001022,O00619,P016,1,299,15,254.15
OI001023,O00619,P009,1,349,25,261.75
OI001024,O00620,P015,1,449,10,404.1
OI001025,O00621,P006,1,599,0,599.0
OI001026,O00621,P015,1,449,20,359.2
OI001027,O00622,P009,1,349,15,296.65
OI001028,O00622,P024,3,799,5,2277.15
OI001029,O00623,P009,1,349,15,296.65
OI001030,O00624,P022,1,499,20,399.2
OI001031,O00624,P009,1,349,10,314.1
OI001032,O00625,P025,1,599,15,509.15
OI001033,O00625,P010,1,399,15,339.15
OI001034,O00626,P001,1,549,20,439.2
OI001035,O00626,P013,1,399,20,319.2
OI001036,O00627,P020,1,349,15,296.65
OI001037,O00628,P021,2,399,20,638.4
OI001038,O00629,P015,1,449,15,381.65
OI001039,O00630,P003,1,699,20,559.2
OI001040,O00631,P009,2,349,0,698.0
OI001041,O00632,P013,1,399,5,379.05
OI001042,O00633,P027,2,399,10,718.2
OI001043,O00634,P028,3,249,15,634.95
OI001044,O00634,P018,1,349,5,331.55
OI001045,O00634,P017,2,299,20,478.4
OI001046,O00635,P006,2,599,10,1078.2
OI001047,O00635,P013,1,399,5,379.05
OI001048,O00635,P003,2,699,10,1258.2
OI001049,O00635,P028,1,249,15,211.65
OI001050,O00636,P010,1,399,0,399.0
OI001051,O00637,P018,1,349,20,279.2
OI001052,O00637,P017,3,299,5,852.15
OI001053,O00637,P012,1,449,10,404.1
OI001054,O00638,P018,1,349,15,296.65
OI001055,O00639,P004,1,649,10,584.1
OI001056,O00640,P004,1,649,5,616.55
OI001057,O00641,P028,1,249,0,249.0
OI001058,O00641,P002,3,599,10,1617.3
OI001059,O00642,P005,1,699,20,559.2
OI001060,O00643,P004,2,649,0,1298.0
OI001061,O00644,P013,1,399,10,359.1
OI001062,O00644,P009,1,349,5,331.55
OI001063,O00644,P010,1,399,15,339.15
OI001064,O00645,P003,1,699,5,664.05
OI001065,O00645,P012,1,449,10,404.1
OI001066,O00646,P012,1,449,10,404.1
OI001067,O00647,P007,1,699,10,629.1
OI001068,O00647,P014,1,499,10,449.1
OI001069,O00647,P025,1,599,5,569.05
OI001070,O00648,P017,2,299,0,598.0
OI001071,O00649,P025,1,599,5,569.05
OI001072,O00650,P004,1,649,10,584.1
OI001073,O00651,P016,1,299,15,254.15
OI001074,O00651,P025,1,599,15,509.15
OI001075,O00651,P010,1,399,15,339.15
OI001076,O00652,P002,1,599,15,509.15
OI001077,O00652,P013,2,399,15,678.3
OI001078,O00653,P023,1,499,10,449.1
OI001079,O00654,P004,1,649,0,649.0
OI001080,O00655,P005,1,699,5,664.05
OI001081,O00656,P022,1,499,5,474.05
OI001082,O00657,P026,1,449,0,449.0
OI001083,O00658,P011,1,349,15,296.65
OI001084,O00658,P014,1,499,20,399.2
OI001085,O00659,P004,1,649,0,649.0
OI001086,O00660,P024,1,799,10,719.1
OI001087,O00661,P014,1,499,15,424.15
OI001088,O00661,P027,1,399,10,359.1
OI001089,O00662,P025,2,599,20,958.4
OI001090,O00663,P013,1,399,25,299.25
OI001091,O00664,P015,1,449,10,404.1
OI001092,O00665,P018,2,349,5,663.1
OI001093,O00666,P025,1,599,10,539.1
OI001094,O00666,P004,1,649,0,649.0
OI001095,O00667,P002,1,599,10,539.1
OI001096,O00667,P001,1,549,10,494.1
OI001097,O00667,P024,3,799,5,2277.15
OI001098,O00668,P024,1,799,0,799.0
OI001099,O00668,P002,3,599,15,1527.45
OI001100,O00668,P003,1,699,25,524.25
OI001101,O00668,P007,1,699,15,594.15
OI001102,O00669,P001,1,549,15,466.65
OI001103,O00669,P008,1,799,25,599.25
OI001104,O00669,P004,1,649,5,616.55
OI001105,O00670,P014,1,499,0,499.0
OI001106,O00671,P017,1,299,20,239.2
OI001107,O00671,P013,2,399,0,798.0
OI001108,O00671,P012,1,449,5,426.55
OI001109,O00672,P018,1,349,5,331.55
OI001110,O00673,P003,2,699,20,1118.4
OI001111,O00674,P015,1,449,15,381.65
OI001112,O00675,P001,1,549,0,549.0
OI001113,O00676,P015,1,449,10,404.1
OI001114,O00677,P002,1,599,15,509.15
OI001115,O00678,P025,1,599,15,509.15
OI001116,O00678,P009,1,349,5,331.55
OI001117,O00679,P009,1,349,10,314.1
OI001118,O00680,P003,1,699,25,524.25
OI001119,O00681,P001,1,549,5,521.55
OI001120,O00682,P012,1,449,5,426.55
OI001121,O00683,P014,1,499,5,474.05
OI001122,O00683,P012,1,449,0,449.0
OI001123,O00684,P025,1,599,5,569.05
OI001124,O00684,P015,1,449,15,381.65
OI001125,O00684,P025,1,599,20,479.2
OI001126,O00685,P025,2,599,5,1138.1
OI001127,O00685,P008,1,799,5,759.05
OI001128,O00686,P002,1,599,5,569.05
OI001129,O00686,P006,2,599,10,1078.2
OI001130,O00687,P007,2,699,10,1258.2
OI001131,O00687,P002,1,599,5,569.05
OI001132,O00688,P010,1,399,25,299.25
OI001133,O00688,P009,1,349,5,331.55
OI001134,O00689,P008,1,799,5,759.05
OI001135,O00689,P001,1,549,0,549.0
OI001136,O00690,P012,1,449,15,381.65
OI001137,O00691,P018,1,349,10,314.1
OI001138,O00692,P024,1,799,15,679.15
OI001139,O00692,P006,1,599,10,539.1
OI001140,O00693,P009,1,349,5,331.55
OI001141,O00694,P025,1,599,5,569.05
OI001142,O00695,P009,1,349,20,279.2
OI001143,O00696,P002,1,599,10,539.1
OI001144,O00697,P014,1,499,25,374.25
OI001145,O00697,P004,2,649,5,1233.1
OI001146,O00697,P012,1,449,20,359.2
OI001147,O00697,P013,2,399,10,718.2
OI001148,O00698,P001,1,549,0,549.0
OI001149,O00699,P003,1,699,10,629.1
OI001150,O00700,P010,1,399,0,399.0
OI001151,O00700,P028,1,249,15,211.65
OI001152,O00701,P024,1,799,25,599.25
OI001153,O00701,P022,1,499,5,474.05
OI001154,O00702,P008,1,799,5,759.05
OI001155,O00703,P014,2,499,5,948.1
OI001156,O00704,P015,2,449,0,898.0
OI001157,O00704,P014,2,499,0,998.0
OI001158,O00704,P013,2,399,5,758.1
OI001159,O00705,P018,1,349,5,331.55
OI001160,O00705,P016,2,299,5,568.1
OI001161,O00705,P020,2,349,10,628.2
OI001162,O00706,P025,2,599,10,1078.2
OI001163,O00706,P027,2,399,15,678.3
OI001164,O00707,P003,1,699,15,594.15
OI001165,O00708,P025,1,599,15,509.15
OI001166,O00708,P015,3,449,10,1212.3
OI001167,O00709,P016,3,299,15,762.45
OI001168,O00709,P028,1,249,5,236.55
OI001169,O00709,P009,1,349,5,331.55
OI001170,O00710,P013,1,399,10,359.1
OI001171,O00711,P009,1,349,0,349.0
OI001172,O00711,P026,1,449,15,381.65
OI001173,O00712,P011,1,349,5,331.55
OI001174,O00713,P010,1,399,20,319.2
OI001175,O00714,P010,1,399,5,379.05
OI001176,O00715,P004,1,649,10,584.1
OI001177,O00716,P018,1,349,5,331.55
OI001178,O00717,P011,1,349,10,314.1
OI001179,O00717,P005,1,699,20,559.2
OI001180,O00718,P018,2,349,5,663.1
OI001181,O00719,P003,2,699,20,1118.4
OI001182,O00719,P015,1,449,15,381.65
OI001183,O00720,P025,1,599,10,539.1
OI001184,O00721,P022,1,499,15,424.15
OI001185,O00721,P014,1,499,15,424.15
OI001186,O00722,P002,2,599,20,958.4
OI001187,O00722,P015,1,449,5,426.55
OI001188,O00723,P016,1,299,15,254.15
OI001189,O00723,P004,2,649,15,1103.3
OI001190,O00724,P018,1,349,5,331.55
OI001191,O00725,P011,1,349,0,349.0
OI001192,O00725,P008,1,799,10,719.1
OI001193,O00725,P006,1,599,0,599.0
OI001194,O00726,P012,1,449,5,426.55
OI001195,O00726,P003,1,699,0,699.0
OI001196,O00727,P016,1,299,0,299.0
OI001197,O00727,P005,1,699,10,629.1
OI001198,O00727,P025,1,599,5,569.05
OI001199,O00728,P018,3,349,5,994.65
OI001200,O00728,P004,1,649,0,649.0
OI001201,O00729,P014,2,499,20,798.4
OI001202,O00730,P004,2,649,20,1038.4
OI001203,O00731,P022,1,499,15,424.15
OI001204,O00731,P014,1,499,15,424.15
OI001205,O00732,P014,1,499,0,499.0
OI001206,O00733,P018,2,349,0,698.0
OI001207,O00734,P009,1,349,15,296.65
OI001208,O00734,P018,1,349,0,349.0
OI001209,O00734,P002,2,599,10,1078.2
OI001210,O00734,P025,1,599,20,479.2
OI001211,O00735,P016,2,299,25,448.5
OI001212,O00736,P002,2,599,0,1198.0
OI001213,O00736,P003,1,699,10,629.1
OI001214,O00737,P012,1,449,0,449.0
OI001215,O00737,P001,1,549,0,549.0
OI001216,O00738,P001,1,549,5,521.55
OI001217,O00738,P028,1,249,10,224.1
OI001218,O00739,P014,1,499,5,474.05
OI001219,O00739,P022,2,499,0,998.0
OI001220,O00740,P001,1,549,10,494.1
OI001221,O00741,P010,1,399,10,359.1
OI001222,O00742,P009,1,349,5,331.55
OI001223,O00743,P001,1,549,15,466.65
OI001224,O00744,P013,1,399,25,299.25
OI001225,O00744,P018,1,349,15,296.65
OI001226,O00745,P005,2,699,0,1398.0
OI001227,O00745,P014,1,499,5,474.05
OI001228,O00745,P010,2,399,0,798.0
OI001229,O00746,P003,2,699,5,1328.1
OI001230,O00746,P016,1,299,5,284.05
OI001231,O00747,P004,1,649,15,551.65
OI001232,O00748,P023,1,499,25,374.25
OI001233,O00749,P006,1,599,20,479.2
OI001234,O00750,P024,1,799,25,599.25
OI001235,O00751,P002,1,599,0,599.0
OI001236,O00752,P002,1,599,0,599.0
OI001237,O00752,P004,3,649,0,1947.0
OI001238,O00753,P002,1,599,5,569.05
OI001239,O00754,P011,1,349,25,261.75
OI001240,O00755,P006,1,599,0,599.0
OI001241,O00756,P008,1,799,10,719.1
OI001242,O00757,P001,1,549,0,549.0
OI001243,O00758,P023,2,499,15,848.3
OI001244,O00758,P011,1,349,10,314.1
OI001245,O00759,P024,1,799,0,799.0
OI001246,O00760,P001,1,549,5,521.55
OI001247,O00761,P012,1,449,20,359.2
OI001248,O00762,P007,1,699,5,664.05
OI001249,O00762,P028,1,249,10,224.1
OI001250,O00763,P023,1,499,5,474.05
OI001251,O00763,P021,1,399,5,379.05
OI001252,O00763,P016,1,299,15,254.15
OI001253,O00764,P010,1,399,25,299.25
OI001254,O00765,P023,1,499,15,424.15
OI001255,O00765,P026,1,449,10,404.1
OI001256,O00766,P010,1,399,5,379.05
OI001257,O00767,P020,3,349,0,1047.0
OI001258,O00767,P026,1,449,0,449.0
OI001259,O00768,P020,1,349,5,331.55
OI001260,O00769,P005,1,699,5,664.05
OI001261,O00769,P028,1,249,5,236.55
OI001262,O00770,P022,2,499,10,898.2
OI001263,O00770,P026,1,449,5,426.55
OI001264,O00771,P008,1,799,0,799.0
OI001265,O00772,P028,1,249,5,236.55
OI001266,O00773,P026,1,449,25,336.75
OI001267,O00774,P007,1,699,0,699.0
OI001268,O00775,P004,1,649,5,616.55
OI001269,O00775,P005,2,699,10,1258.2
OI001270,O00775,P021,1,399,20,319.2
OI001271,O00776,P026,1,449,20,359.2
OI001272,O00777,P006,2,599,15,1018.3
OI001273,O00777,P008,1,799,15,679.15
OI001274,O00777,P004,1,649,15,551.65
OI001275,O00778,P020,1,349,0,349.0
OI001276,O00779,P003,3,699,5,1992.15
OI001277,O00780,P003,1,699,10,629.1
OI001278,O00781,P002,1,599,25,449.25
OI001279,O00782,P004,1,649,15,551.65
OI001280,O00783,P005,1,699,5,664.05
OI001281,O00784,P011,1,349,20,279.2
OI001282,O00785,P018,1,349,10,314.1
OI001283,O00786,P009,1,349,10,314.1
OI001284,O00786,P028,1,249,5,236.55
OI001285,O00787,P003,1,699,25,524.25
OI001286,O00787,P025,2,599,20,958.4
OI001287,O00787,P006,1,599,20,479.2
OI001288,O00788,P011,1,349,15,296.65
OI001289,O00789,P005,1,699,0,699.0
OI001290,O00790,P013,1,399,5,379.05
OI001291,O00791,P014,1,499,5,474.05
OI001292,O00792,P018,1,349,10,314.1
OI001293,O00792,P026,1,449,0,449.0
OI001294,O00793,P014,2,499,5,948.1
OI001295,O00794,P006,1,599,15,509.15
OI001296,O00794,P001,1,549,5,521.55
OI001297,O00795,P022,1,499,0,499.0
OI001298,O00795,P004,1,649,0,649.0
OI001299,O00796,P017,1,299,20,239.2
OI001300,O00796,P024,1,799,25,599.25
OI001301,O00797,P007,1,699,15,594.15
OI001302,O00797,P006,1,599,0,599.0
OI001303,O00798,P017,2,299,5,568.1
OI001304,O00799,P004,2,649,15,1103.3
OI001305,O00800,P001,2,549,0,1098.0
OI001306,O00800,P012,2,449,15,763.3
OI001307,O00801,P001,2,549,15,933.3
OI001308,O00801,P019,1,399,20,319.2
OI001309,O00802,P009,2,349,15,593.3
OI001310,O00803,P007,1,699,0,699.0
OI001311,O00804,P010,1,399,10,359.1
OI001312,O00805,P009,1,349,5,331.55
OI001313,O00806,P015,1,449,5,426.55
OI001314,O00806,P002,2,599,10,1078.2
OI001315,O00807,P002,2,599,20,958.4
OI001316,O00808,P006,3,599,10,1617.3
OI001317,O00808,P018,1,349,10,314.1
OI001318,O00809,P007,1,699,10,629.1
OI001319,O00809,P004,1,649,5,616.55
OI001320,O00810,P001,1,549,20,439.2
OI001321,O00811,P005,2,699,15,1188.3
OI001322,O00812,P025,1,599,5,569.05
OI001323,O00813,P018,1,349,10,314.1
OI001324,O00814,P005,2,699,5,1328.1
OI001325,O00814,P019,1,399,15,339.15
OI001326,O00814,P009,1,349,5,331.55
OI001327,O00815,P014,1,499,0,499.0
OI001328,O00816,P015,1,449,5,426.55
OI001329,O00816,P012,1,449,10,404.1
OI001330,O00816,P018,1,349,10,314.1
OI001331,O00817,P001,1,549,10,494.1
OI001332,O00817,P003,2,699,5,1328.1
OI001333,O00817,P019,1,399,10,359.1
OI001334,O00817,P003,1,699,5,664.05
OI001335,O00818,P008,1,799,10,719.1
OI001336,O00818,P024,2,799,20,1278.4
OI001337,O00819,P014,1,499,5,474.05
OI001338,O00819,P012,1,449,0,449.0
OI001339,O00819,P002,2,599,15,1018.3
OI001340,O00820,P010,2,399,0,798.0
OI001341,O00821,P009,1,349,15,296.65
OI001342,O00822,P027,1,399,5,379.05
OI001343,O00823,P013,2,399,10,718.2
OI001344,O00824,P007,1,699,10,629.1
OI001345,O00825,P009,1,349,0,349.0
OI001346,O00826,P006,2,599,5,1138.1
OI001347,O00827,P022,1,499,15,424.15
OI001348,O00827,P015,1,449,15,381.65
OI001349,O00828,P019,2,399,10,718.2
OI001350,O00829,P019,1,399,5,379.05
OI001351,O00830,P019,3,399,0,1197.0
OI001352,O00831,P005,1,699,10,629.1
OI001353,O00832,P001,1,549,5,521.55
OI001354,O00833,P002,1,599,5,569.05
OI001355,O00833,P013,1,399,20,319.2
OI001356,O00834,P026,1,449,15,381.65
OI001357,O00835,P016,1,299,10,269.1
OI001358,O00836,P016,2,299,5,568.1
OI001359,O00837,P014,2,499,5,948.1
OI001360,O00838,P002,1,599,5,569.05
OI001361,O00838,P009,2,349,10,628.2
OI001362,O00839,P018,1,349,0,349.0
OI001363,O00839,P010,1,399,15,339.15
OI001364,O00840,P002,2,599,15,1018.3
OI001365,O00840,P019,1,399,25,299.25
OI001366,O00840,P001,1,549,10,494.1
OI001367,O00841,P005,3,699,20,1677.6
OI001368,O00842,P014,1,499,0,499.0
OI001369,O00843,P002,1,599,0,599.0
OI001370,O00843,P023,2,499,5,948.1
OI001371,O00844,P012,2,449,0,898.0
OI001372,O00844,P012,2,449,10,808.2
OI001373,O00845,P004,1,649,10,584.1
OI001374,O00845,P013,1,399,5,379.05
OI001375,O00845,P018,2,349,20,558.4
OI001376,O00845,P012,1,449,20,359.2
OI001377,O00846,P017,1,299,25,224.25
OI001378,O00846,P010,1,399,15,339.15
OI001379,O00847,P009,1,349,0,349.0
OI001380,O00847,P001,2,549,0,1098.0
OI001381,O00848,P006,1,599,15,509.15
OI001382,O00849,P013,1,399,5,379.05
OI001383,O00850,P001,1,549,15,466.65
OI001384,O00850,P008,1,799,10,719.1
OI001385,O00850,P001,3,549,10,1482.3
OI001386,O00851,P002,1,599,10,539.1
OI001387,O00852,P026,1,449,10,404.1
OI001388,O00853,P011,1,349,10,314.1
OI001389,O00853,P015,2,449,10,808.2
OI001390,O00854,P001,1,549,0,549.0
OI001391,O00854,P015,1,449,5,426.55
OI001392,O00854,P008,1,799,5,759.05
OI001393,O00854,P012,1,449,20,359.2
OI001394,O00855,P025,1,599,15,509.15
OI001395,O00856,P003,1,699,5,664.05
OI001396,O00856,P013,1,399,20,319.2
OI001397,O00857,P026,2,449,5,853.1
OI001398,O00857,P004,3,649,0,1947.0
OI001399,O00858,P012,2,449,5,853.1
OI001400,O00858,P006,1,599,15,509.15
OI001401,O00858,P009,1,349,5,331.55
OI001402,O00859,P014,2,499,5,948.1
OI001403,O00859,P004,1,649,15,551.65
OI001404,O00859,P005,1,699,5,664.05
OI001405,O00860,P004,1,649,5,616.55
OI001406,O00861,P006,1,599,0,599.0
OI001407,O00861,P023,2,499,15,848.3
OI001408,O00861,P017,1,299,5,284.05
OI001409,O00862,P018,1,349,5,331.55
OI001410,O00862,P001,1,549,10,494.1
OI001411,O00863,P018,1,349,5,331.55
OI001412,O00864,P015,1,449,5,426.55
OI001413,O00865,P003,2,699,20,1118.4
OI001414,O00866,P027,1,399,20,319.2
OI001415,O00867,P004,1,649,5,616.55
OI001416,O00868,P018,1,349,15,296.65
OI001417,O00869,P021,1,399,15,339.15
OI001418,O00869,P003,1,699,10,629.1
OI001419,O00870,P010,1,399,5,379.05
OI001420,O00871,P018,1,349,10,314.1
OI001421,O00872,P006,1,599,20,479.2
OI001422,O00872,P003,1,699,25,524.25
OI001423,O00873,P013,1,399,0,399.0
OI001424,O00874,P006,1,599,0,599.0
OI001425,O00874,P013,1,399,15,339.15
OI001426,O00875,P015,1,449,20,359.2
OI001427,O00876,P003,1,699,15,594.15
OI001428,O00876,P025,1,599,0,599.0
OI001429,O00877,P025,1,599,10,539.1
OI001430,O00878,P002,1,599,0,599.0
OI001431,O00878,P004,1,649,10,584.1
OI001432,O00879,P018,1,349,5,331.55
OI001433,O00879,P024,1,799,10,719.1
OI001434,O00880,P001,3,549,5,1564.65
OI001435,O00881,P008,1,799,10,719.1
OI001436,O00881,P001,1,549,15,466.65
OI001437,O00882,P014,1,499,5,474.05
OI001438,O00883,P018,1,349,0,349.0
OI001439,O00884,P018,1,349,15,296.65
OI001440,O00885,P010,1,399,10,359.1
OI001441,O00885,P008,1,799,20,639.2
OI001442,O00886,P016,1,299,5,284.05
OI001443,O00886,P015,1,449,10,404.1
OI001444,O00887,P021,1,399,20,319.2
OI001445,O00887,P018,1,349,10,314.1
OI001446,O00888,P004,1,649,20,519.2
OI001447,O00889,P006,1,599,0,599.0
OI001448,O00889,P002,1,599,10,539.1
OI001449,O00890,P023,1,499,5,474.05
OI001450,O00891,P015,1,449,5,426.55
OI001451,O00891,P005,1,699,0,699.0
OI001452,O00892,P015,1,449,15,381.65
OI001453,O00892,P009,1,349,5,331.55
OI001454,O00893,P001,1,549,0,549.0
OI001455,O00894,P001,1,549,15,466.65
OI001456,O00895,P011,1,349,0,349.0
OI001457,O00896,P012,1,449,5,426.55
OI001458,O00897,P014,2,499,20,798.4
OI001459,O00897,P004,2,649,15,1103.3
OI001460,O00898,P006,1,599,0,599.0
OI001461,O00899,P006,1,599,10,539.1
OI001462,O00899,P006,2,599,10,1078.2
OI001463,O00900,P004,1,649,10,584.1
OI001464,O00901,P010,1,399,5,379.05
OI001465,O00902,P022,1,499,5,474.05
OI001466,O00903,P028,1,249,20,199.2
OI001467,O00903,P010,1,399,5,379.05
OI001468,O00903,P001,3,549,10,1482.3
OI001469,O00904,P004,1,649,0,649.0
OI001470,O00905,P004,1,649,25,486.75
OI001471,O00906,P028,1,249,0,249.0
OI001472,O00906,P026,1,449,10,404.1
OI001473,O00906,P025,2,599,5,1138.1
OI001474,O00907,P009,1,349,0,349.0
OI001475,O00907,P002,1,599,0,599.0
OI001476,O00908,P011,1,349,10,314.1
OI001477,O00909,P002,1,599,10,539.1
OI001478,O00909,P014,1,499,5,474.05
OI001479,O00909,P003,1,699,15,594.15
OI001480,O00910,P021,1,399,5,379.05
OI001481,O00910,P016,1,299,10,269.1
OI001482,O00911,P010,1,399,5,379.05
OI001483,O00912,P012,1,449,15,381.65
OI001484,O00913,P003,3,699,15,1782.45
OI001485,O00913,P006,1,599,10,539.1
OI001486,O00913,P011,1,349,10,314.1
OI001487,O00914,P024,1,799,20,639.2
OI001488,O00914,P017,1,299,25,224.25
OI001489,O00914,P003,1,699,5,664.05
OI001490,O00914,P005,1,699,0,699.0
OI001491,O00915,P015,1,449,10,404.1
OI001492,O00916,P018,2,349,20,558.4
OI001493,O00917,P011,1,349,5,331.55
OI001494,O00917,P013,1,399,25,299.25
OI001495,O00917,P002,2,599,15,1018.3
OI001496,O00918,P006,1,599,10,539.1
OI001497,O00918,P028,1,249,20,199.2
OI001498,O00919,P004,2,649,25,973.5
OI001499,O00919,P023,1,499,20,399.2
OI001500,O00920,P009,1,349,5,331.55
OI001501,O00921,P003,1,699,10,629.1
OI001502,O00922,P012,1,449,15,381.65
OI001503,O00923,P001,1,549,25,411.75
OI001504,O00924,P006,2,599,5,1138.1
OI001505,O00925,P008,1,799,20,639.2
OI001506,O00925,P026,1,449,20,359.2
OI001507,O00926,P009,1,349,15,296.65
OI001508,O00926,P003,1,699,5,664.05
OI001509,O00927,P028,1,249,10,224.1
OI001510,O00927,P001,1,549,15,466.65
OI001511,O00928,P021,1,399,25,299.25
OI001512,O00929,P008,1,799,5,759.05
OI001513,O00930,P017,1,299,5,284.05
OI001514,O00930,P006,2,599,25,898.5
OI001515,O00931,P003,1,699,20,559.2
OI001516,O00932,P019,1,399,5,379.05
OI001517,O00933,P009,2,349,0,698.0
OI001518,O00933,P001,2,549,25,823.5
OI001519,O00933,P013,2,399,5,758.1
OI001520,O00934,P024,2,799,20,1278.4
OI001521,O00934,P001,2,549,15,933.3
OI001522,O00935,P004,1,649,20,519.2
OI001523,O00936,P015,1,449,20,359.2
OI001524,O00937,P014,1,499,15,424.15
OI001525,O00937,P028,2,249,15,423.3
OI001526,O00938,P018,1,349,15,296.65
OI001527,O00939,P028,3,249,10,672.3
OI001528,O00940,P013,1,399,0,399.0
OI001529,O00940,P005,1,699,0,699.0
OI001530,O00941,P024,1,799,15,679.15
OI001531,O00941,P025,1,599,10,539.1
OI001532,O00942,P014,1,499,15,424.15
OI001533,O00942,P018,1,349,10,314.1
OI001534,O00942,P020,1,349,5,331.55
OI001535,O00943,P022,1,499,0,499.0
OI001536,O00944,P025,1,599,5,569.05
OI001537,O00945,P006,1,599,10,539.1
OI001538,O00945,P007,2,699,10,1258.2
OI001539,O00945,P021,1,399,10,359.1
OI001540,O00945,P013,1,399,0,399.0
OI001541,O00946,P015,1,449,15,381.65
OI001542,O00946,P004,1,649,10,584.1
OI001543,O00947,P009,1,349,0,349.0
OI001544,O00948,P019,1,399,10,359.1
OI001545,O00948,P009,2,349,0,698.0
OI001546,O00948,P023,1,499,25,374.25
OI001547,O00949,P012,1,449,0,449.0
OI001548,O00950,P010,1,399,0,399.0
OI001549,O00950,P003,1,699,10,629.1
OI001550,O00951,P012,2,449,5,853.1
OI001551,O00952,P026,2,449,5,853.1
OI001552,O00953,P024,1,799,10,719.1
OI001553,O00953,P007,2,699,10,1258.2
OI001554,O00953,P002,1,599,5,569.05
OI001555,O00954,P002,1,599,0,599.0
OI001556,O00954,P003,1,699,10,629.1
OI001557,O00955,P027,2,399,10,718.2
OI001558,O00956,P022,1,499,5,474.05
OI001559,O00956,P016,1,299,15,254.15
OI001560,O00956,P024,1,799,10,719.1
OI001561,O00957,P007,1,699,15,594.15
OI001562,O00957,P011,1,349,10,314.1
OI001563,O00958,P002,1,599,5,569.05
OI001564,O00958,P006,1,599,10,539.1
OI001565,O00959,P004,1,649,10,584.1
OI001566,O00959,P012,1,449,5,426.55
OI001567,O00959,P010,1,399,10,359.1
OI001568,O00960,P006,2,599,15,1018.3
OI001569,O00961,P017,1,299,0,299.0
OI001570,O00961,P009,3,349,0,1047.0
OI001571,O00961,P011,1,349,15,296.65
OI001572,O00962,P024,1,799,0,799.0
OI001573,O00962,P003,1,699,20,559.2
OI001574,O00963,P017,1,299,0,299.0
OI001575,O00964,P003,1,699,5,664.05
OI001576,O00965,P008,2,799,20,1278.4
OI001577,O00966,P004,1,649,10,584.1
OI001578,O00967,P001,1,549,25,411.75
OI001579,O00968,P015,3,449,5,1279.65
OI001580,O00969,P025,1,599,0,599.0
OI001581,O00969,P016,1,299,0,299.0
OI001582,O00970,P002,1,599,5,569.05
OI001583,O00971,P005,2,699,5,1328.1
OI001584,O00972,P001,1,549,5,521.55
OI001585,O00973,P004,2,649,15,1103.3
OI001586,O00974,P025,1,599,15,509.15
OI001587,O00975,P003,2,699,10,1258.2
OI001588,O00975,P009,1,349,20,279.2
OI001589,O00975,P010,1,399,25,299.25
OI001590,O00976,P010,1,399,25,299.25
OI001591,O00976,P004,1,649,15,551.65
OI001592,O00977,P002,1,599,10,539.1
OI001593,O00978,P004,1,649,10,584.1
OI001594,O00978,P016,1,299,20,239.2
OI001595,O00979,P002,1,599,5,569.05
OI001596,O00980,P019,1,399,15,339.15
OI001597,O00980,P025,1,599,20,479.2
OI001598,O00981,P027,1,399,0,399.0
OI001599,O00982,P003,1,699,25,524.25
OI001600,O00982,P026,1,449,15,381.65
OI001601,O00982,P002,2,599,20,958.4
OI001602,O00982,P002,1,599,0,599.0
OI001603,O00983,P003,3,699,5,1992.15
OI001604,O00983,P015,1,449,0,449.0
OI001605,O00984,P002,1,599,0,599.0
OI001606,O00985,P003,1,699,0,699.0
OI001607,O00986,P014,2,499,0,998.0
OI001608,O00987,P009,1,349,10,314.1
OI001609,O00988,P024,3,799,5,2277.15
OI001610,O00989,P020,1,349,25,261.75
OI001611,O00989,P007,1,699,0,699.0
OI001612,O00990,P004,2,649,5,1233.1
OI001613,O00991,P018,1,349,15,296.65
OI001614,O00991,P026,1,449,10,404.1
OI001615,O00991,P013,1,399,20,319.2
OI001616,O00992,P006,1,599,15,509.15
OI001617,O00993,P027,1,399,25,299.25
OI001618,O00993,P007,2,699,10,1258.2
OI001619,O00994,P012,1,449,15,381.65
OI001620,O00994,P010,1,399,10,359.1
OI001621,O00995,P020,2,349,10,628.2
OI001622,O00995,P006,2,599,5,1138.1
OI001623,O00995,P019,1,399,5,379.05
OI001624,O00996,P005,1,699,0,699.0
OI001625,O00997,P020,1,349,5,331.55
OI001626,O00998,P026,1,449,25,336.75
OI001627,O00999,P017,1,299,10,269.1
OI001628,O01000,P004,2,649,0,1298.0
OI001629,O01001,P006,1,599,15,509.15
OI001630,O01001,P022,1,499,10,449.1
OI001631,O01002,P005,1,699,5,664.05
OI001632,O01003,P004,2,649,0,1298.0
OI001633,O01004,P018,1,349,25,261.75
OI001634,O01004,P012,2,449,0,898.0
OI001635,O01004,P015,1,449,10,404.1
OI001636,O01005,P015,1,449,0,449.0
OI001637,O01005,P012,1,449,10,404.1
OI001638,O01006,P005,1,699,5,664.05
OI001639,O01006,P009,1,349,5,331.55
OI001640,O01007,P009,1,349,25,261.75
OI001641,O01008,P002,2,599,10,1078.2
OI001642,O01009,P011,1,349,0,349.0
OI001643,O01009,P008,1,799,25,599.25
OI001644,O01010,P007,1,699,25,524.25
OI001645,O01010,P028,2,249,10,448.2
OI001646,O01011,P016,2,299,5,568.1
OI001647,O01012,P013,1,399,10,359.1
OI001648,O01012,P006,1,599,5,569.05
OI001649,O01013,P020,1,349,5,331.55
OI001650,O01014,P009,1,349,0,349.0
OI001651,O01014,P010,1,399,20,319.2
OI001652,O01015,P021,2,399,0,798.0
OI001653,O01016,P026,1,449,15,381.65
OI001654,O01017,P002,1,599,20,479.2
OI001655,O01018,P027,1,399,10,359.1
OI001656,O01018,P013,1,399,15,339.15
OI001657,O01019,P007,1,699,10,629.1
OI001658,O01020,P012,3,449,10,1212.3
OI001659,O01020,P009,1,349,20,279.2
OI001660,O01021,P010,1,399,10,359.1
OI001661,O01021,P010,2,399,20,638.4
OI001662,O01022,P006,1,599,5,569.05
OI001663,O01023,P010,1,399,15,339.15
OI001664,O01023,P003,1,699,5,664.05
OI001665,O01023,P015,1,449,10,404.1
OI001666,O01023,P016,1,299,0,299.0
OI001667,O01024,P023,1,499,10,449.1
OI001668,O01024,P015,1,449,5,426.55
OI001669,O01024,P025,2,599,5,1138.1
OI001670,O01024,P015,1,449,5,426.55
OI001671,O01025,P014,1,499,15,424.15
OI001672,O01025,P006,2,599,5,1138.1
OI001673,O01026,P014,1,499,0,499.0
OI001674,O01027,P024,2,799,0,1598.0
OI001675,O01027,P014,1,499,25,374.25
OI001676,O01028,P023,1,499,5,474.05
OI001677,O01029,P006,1,599,5,569.05
OI001678,O01030,P005,1,699,5,664.05
OI001679,O01030,P023,1,499,15,424.15
OI001680,O01031,P026,1,449,5,426.55
OI001681,O01031,P006,1,599,5,569.05
OI001682,O01032,P016,1,299,20,239.2
OI001683,O01033,P016,2,299,10,538.2
OI001684,O01033,P016,1,299,10,269.1
OI001685,O01034,P002,1,599,10,539.1
OI001686,O01034,P024,3,799,5,2277.15
OI001687,O01035,P022,1,499,15,424.15
OI001688,O01035,P027,1,399,5,379.05
OI001689,O01036,P005,3,699,10,1887.3
OI001690,O01036,P003,1,699,0,699.0
OI001691,O01037,P016,1,299,20,239.2
OI001692,O01037,P010,1,399,20,319.2
OI001693,O01038,P002,2,599,20,958.4
OI001694,O01039,P013,1,399,20,319.2
OI001695,O01040,P009,1,349,20,279.2
OI001696,O01041,P011,1,349,15,296.65
OI001697,O01041,P015,1,449,10,404.1
OI001698,O01042,P016,1,299,5,284.05
OI001699,O01043,P018,1,349,0,349.0
OI001700,O01043,P004,1,649,20,519.2
OI001701,O01043,P006,2,599,0,1198.0
OI001702,O01044,P010,1,399,10,359.1
OI001703,O01044,P025,2,599,20,958.4
OI001704,O01045,P006,1,599,15,509.15
OI001705,O01045,P009,2,349,0,698.0
OI001706,O01046,P003,1,699,15,594.15
OI001707,O01047,P021,1,399,5,379.05
OI001708,O01047,P005,2,699,15,1188.3
OI001709,O01048,P001,1,549,15,466.65
OI001710,O01048,P009,1,349,0,349.0
OI001711,O01049,P008,1,799,20,639.2
OI001712,O01049,P006,1,599,15,509.15
OI001713,O01050,P014,1,499,5,474.05
OI001714,O01050,P026,1,449,20,359.2
OI001715,O01051,P011,1,349,0,349.0
OI001716,O01052,P015,1,449,5,426.55
OI001717,O01052,P001,1,549,15,466.65
OI001718,O01053,P015,1,449,0,449.0
OI001719,O01054,P017,1,299,10,269.1
OI001720,O01054,P013,3,399,5,1137.15
OI001721,O01054,P024,1,799,15,679.15
OI001722,O01055,P014,1,499,20,399.2
OI001723,O01056,P009,2,349,5,663.1
OI001724,O01056,P010,1,399,15,339.15
OI001725,O01057,P004,1,649,15,551.65
OI001726,O01057,P005,1,699,0,699.0
OI001727,O01058,P023,1,499,15,424.15
OI001728,O01059,P018,1,349,5,331.55
OI001729,O01060,P024,1,799,10,719.1
OI001730,O01061,P016,1,299,0,299.0
OI001731,O01061,P013,1,399,15,339.15
OI001732,O01062,P012,2,449,5,853.1
OI001733,O01062,P025,2,599,5,1138.1
OI001734,O01062,P016,1,299,10,269.1
OI001735,O01063,P006,1,599,25,449.25
OI001736,O01064,P005,1,699,10,629.1
OI001737,O01064,P025,2,599,10,1078.2
OI001738,O01065,P009,1,349,20,279.2
OI001739,O01065,P014,1,499,0,499.0
OI001740,O01066,P014,1,499,10,449.1
OI001741,O01067,P019,1,399,5,379.05
OI001742,O01068,P019,2,399,10,718.2
OI001743,O01068,P018,1,349,10,314.1
OI001744,O01069,P011,1,349,10,314.1
OI001745,O01069,P016,1,299,20,239.2
OI001746,O01070,P009,1,349,15,296.65
OI001747,O01071,P022,3,499,0,1497.0
OI001748,O01072,P005,1,699,10,629.1
OI001749,O01073,P011,1,349,0,349.0
OI001750,O01073,P022,1,499,25,374.25
OI001751,O01074,P014,2,499,10,898.2
OI001752,O01075,P028,1,249,10,224.1
OI001753,O01075,P010,1,399,15,339.15
OI001754,O01076,P009,1,349,0,349.0
OI001755,O01077,P010,2,399,5,758.1
OI001756,O01077,P025,2,599,0,1198.0
OI001757,O01077,P004,1,649,5,616.55
OI001758,O01078,P001,1,549,20,439.2
OI001759,O01079,P010,1,399,15,339.15
OI001760,O01080,P002,1,599,20,479.2
OI001761,O01080,P018,2,349,0,698.0
OI001762,O01080,P009,1,349,10,314.1
OI001763,O01081,P015,1,449,5,426.55
OI001764,O01081,P013,1,399,0,399.0
OI001765,O01082,P025,1,599,10,539.1
OI001766,O01083,P012,1,449,15,381.65
OI001767,O01084,P023,1,499,0,499.0
OI001768,O01085,P015,2,449,25,673.5
OI001769,O01086,P013,1,399,5,379.05
OI001770,O01087,P011,1,349,0,349.0
OI001771,O01087,P021,1,399,0,399.0
OI001772,O01088,P004,2,649,10,1168.2
OI001773,O01089,P008,1,799,0,799.0
OI001774,O01089,P014,1,499,10,449.1
OI001775,O01089,P014,1,499,10,449.1
OI001776,O01089,P020,1,349,5,331.55
OI001777,O01090,P018,2,349,10,628.2
OI001778,O01091,P018,1,349,10,314.1
OI001779,O01091,P022,1,499,15,424.15
OI001780,O01091,P002,1,599,20,479.2
OI001781,O01092,P002,1,599,5,569.05
OI001782,O01093,P024,1,799,5,759.05
OI001783,O01094,P014,2,499,0,998.0
OI001784,O01094,P028,2,249,5,473.1
OI001785,O01095,P022,1,499,5,474.05
OI001786,O01095,P010,1,399,20,319.2
OI001787,O01096,P008,1,799,15,679.15
OI001788,O01096,P012,1,449,15,381.65
OI001789,O01097,P014,1,499,25,374.25
OI001790,O01098,P013,2,399,15,678.3
OI001791,O01099,P020,1,349,5,331.55
OI001792,O01099,P012,2,449,0,898.0
OI001793,O01100,P015,3,449,25,1010.25
OI001794,O01100,P013,2,399,5,758.1
OI001795,O01101,P012,1,449,5,426.55
OI001796,O01102,P014,3,499,10,1347.3
OI001797,O01103,P025,1,599,15,509.15
OI001798,O01104,P028,1,249,0,249.0
OI001799,O01105,P026,1,449,0,449.0
OI001800,O01105,P014,1,499,5,474.05
OI001801,O01106,P018,1,349,10,314.1
OI001802,O01107,P003,2,699,0,1398.0
OI001803,O01107,P012,3,449,15,1144.95
OI001804,O01107,P011,2,349,25,523.5
OI001805,O01108,P001,1,549,10,494.1
OI001806,O01108,P007,1,699,0,699.0
OI001807,O01109,P006,1,599,15,509.15
OI001808,O01110,P010,1,399,5,379.05
OI001809,O01110,P001,1,549,15,466.65
OI001810,O01111,P018,1,349,0,349.0
OI001811,O01112,P002,1,599,15,509.15
OI001812,O01113,P011,3,349,20,837.6
OI001813,O01113,P018,1,349,5,331.55
OI001814,O01114,P015,1,449,5,426.55
OI001815,O01115,P026,1,449,0,449.0
OI001816,O01116,P001,1,549,10,494.1
OI001817,O01117,P011,1,349,0,349.0
OI001818,O01118,P021,1,399,20,319.2
OI001819,O01119,P011,1,349,25,261.75
OI001820,O01119,P001,2,549,15,933.3
OI001821,O01119,P006,1,599,15,509.15
OI001822,O01119,P006,2,599,0,1198.0
OI001823,O01120,P018,2,349,15,593.3
OI001824,O01121,P015,1,449,5,426.55
OI001825,O01122,P008,1,799,0,799.0
OI001826,O01122,P009,1,349,5,331.55
OI001827,O01123,P021,1,399,10,359.1
OI001828,O01123,P024,2,799,20,1278.4
OI001829,O01124,P010,3,399,25,897.75
OI001830,O01124,P016,1,299,0,299.0
OI001831,O01125,P026,2,449,5,853.1
OI001832,O01125,P019,1,399,15,339.15
OI001833,O01126,P005,3,699,5,1992.15
OI001834,O01127,P024,1,799,0,799.0
OI001835,O01128,P015,1,449,15,381.65
OI001836,O01128,P001,1,549,0,549.0
OI001837,O01129,P026,1,449,10,404.1
OI001838,O01130,P002,2,599,5,1138.1
OI001839,O01130,P023,3,499,5,1422.15
OI001840,O01131,P012,1,449,10,404.1
OI001841,O01131,P002,1,599,5,569.05
OI001842,O01131,P002,1,599,10,539.1
OI001843,O01132,P008,2,799,10,1438.2
OI001844,O01133,P003,2,699,15,1188.3
OI001845,O01134,P025,1,599,0,599.0
OI001846,O01135,P009,1,349,0,349.0
OI001847,O01135,P028,2,249,5,473.1
OI001848,O01136,P026,2,449,25,673.5
OI001849,O01136,P015,1,449,0,449.0
OI001850,O01137,P003,1,699,0,699.0
OI001851,O01138,P013,1,399,10,359.1
OI001852,O01139,P015,1,449,25,336.75
OI001853,O01140,P008,3,799,0,2397.0
OI001854,O01141,P009,2,349,15,593.3
OI001855,O01141,P028,1,249,5,236.55
OI001856,O01141,P012,1,449,5,426.55
OI001857,O01142,P020,1,349,0,349.0
OI001858,O01142,P007,1,699,0,699.0
OI001859,O01143,P008,1,799,5,759.05
OI001860,O01144,P022,1,499,0,499.0
OI001861,O01144,P014,1,499,15,424.15
OI001862,O01145,P011,1,349,10,314.1
OI001863,O01146,P028,1,249,20,199.2
OI001864,O01147,P018,1,349,0,349.0
OI001865,O01148,P002,1,599,0,599.0
OI001866,O01149,P006,2,599,5,1138.1
OI001867,O01150,P010,1,399,10,359.1
OI001868,O01150,P019,1,399,20,319.2
OI001869,O01151,P011,1,349,0,349.0
OI001870,O01151,P012,2,449,5,853.1
OI001871,O01151,P024,1,799,0,799.0
OI001872,O01151,P025,1,599,10,539.1
OI001873,O01152,P017,2,299,0,598.0
OI001874,O01152,P011,1,349,15,296.65
OI001875,O01153,P011,1,349,10,314.1
OI001876,O01154,P017,1,299,20,239.2
OI001877,O01154,P009,1,349,0,349.0
OI001878,O01155,P014,2,499,5,948.1
OI001879,O01156,P015,1,449,10,404.1
OI001880,O01157,P001,2,549,5,1043.1
OI001881,O01158,P004,1,649,10,584.1
OI001882,O01158,P023,2,499,10,898.2
OI001883,O01158,P017,1,299,20,239.2
OI001884,O01159,P021,1,399,5,379.05
OI001885,O01159,P021,1,399,5,379.05
OI001886,O01160,P024,1,799,5,759.05
OI001887,O01161,P021,2,399,20,638.4
OI001888,O01162,P006,1,599,10,539.1
OI001889,O01163,P010,1,399,5,379.05
OI001890,O01163,P011,1,349,0,349.0
OI001891,O01164,P018,1,349,5,331.55
OI001892,O01164,P011,1,349,0,349.0
OI001893,O01164,P018,1,349,10,314.1
OI001894,O01164,P005,2,699,15,1188.3
OI001895,O01165,P028,2,249,0,498.0
OI001896,O01166,P004,2,649,15,1103.3
OI001897,O01166,P026,2,449,5,853.1
OI001898,O01167,P012,1,449,0,449.0
OI001899,O01168,P009,1,349,0,349.0
OI001900,O01169,P023,1,499,5,474.05
OI001901,O01170,P017,1,299,0,299.0
OI001902,O01171,P003,1,699,15,594.15
OI001903,O01171,P018,1,349,10,314.1
OI001904,O01172,P027,1,399,15,339.15
OI001905,O01172,P003,1,699,20,559.2
OI001906,O01173,P004,1,649,5,616.55
OI001907,O01174,P010,3,399,10,1077.3
OI001908,O01175,P013,2,399,10,718.2
OI001909,O01176,P024,2,799,5,1518.1
OI001910,O01176,P016,1,299,0,299.0
OI001911,O01177,P006,1,599,10,539.1
OI001912,O01178,P005,1,699,15,594.15
OI001913,O01178,P014,3,499,10,1347.3
OI001914,O01179,P015,2,449,10,808.2
OI001915,O01180,P018,1,349,10,314.1
OI001916,O01181,P004,1,649,0,649.0
OI001917,O01181,P001,1,549,15,466.65
OI001918,O01182,P004,2,649,5,1233.1
OI001919,O01183,P003,1,699,15,594.15
OI001920,O01183,P024,2,799,5,1518.1
OI001921,O01183,P006,1,599,10,539.1
OI001922,O01183,P008,1,799,10,719.1
OI001923,O01184,P008,1,799,10,719.1
OI001924,O01185,P027,1,399,10,359.1
OI001925,O01185,P003,1,699,10,629.1
OI001926,O01186,P008,1,799,5,759.05
OI001927,O01186,P028,1,249,5,236.55
OI001928,O01186,P002,1,599,5,569.05
OI001929,O01187,P012,1,449,0,449.0
OI001930,O01187,P025,2,599,15,1018.3
OI001931,O01188,P004,1,649,5,616.55
OI001932,O01188,P018,2,349,5,663.1
OI001933,O01189,P017,1,299,10,269.1
OI001934,O01190,P011,3,349,5,994.65
OI001935,O01190,P003,1,699,20,559.2
OI001936,O01190,P011,1,349,0,349.0
OI001937,O01191,P020,3,349,5,994.65
OI001938,O01191,P014,1,499,10,449.1
OI001939,O01191,P018,1,349,10,314.1
OI001940,O01192,P004,1,649,5,616.55
OI001941,O01192,P011,1,349,10,314.1
OI001942,O01192,P013,1,399,15,339.15
OI001943,O01193,P018,1,349,10,314.1
OI001944,O01194,P004,1,649,15,551.65
OI001945,O01195,P004,1,649,20,519.2
OI001946,O01196,P020,1,349,5,331.55
OI001947,O01196,P014,2,499,10,898.2
OI001948,O01197,P016,1,299,0,299.0
OI001949,O01197,P001,1,549,0,549.0
OI001950,O01198,P001,1,549,25,411.75
OI001951,O01199,P002,2,599,5,1138.1
OI001952,O01199,P028,1,249,10,224.1
OI001953,O01200,P003,3,699,20,1677.6
OI001954,O01201,P021,1,399,15,339.15
OI001955,O01202,P028,2,249,20,398.4
OI001956,O01203,P013,1,399,0,399.0
OI001957,O01203,P004,1,649,10,584.1
OI001958,O01204,P014,1,499,0,499.0
OI001959,O01204,P011,1,349,5,331.55
OI001960,O01205,P010,1,399,0,399.0
OI001961,O01206,P008,1,799,0,799.0
OI001962,O01207,P006,1,599,5,569.05
OI001963,O01208,P003,1,699,5,664.05
OI001964,O01208,P024,2,799,20,1278.4
OI001965,O01209,P011,1,349,10,314.1
OI001966,O01210,P006,1,599,20,479.2
OI001967,O01211,P021,1,399,15,339.15
OI001968,O01212,P016,1,299,5,284.05
OI001969,O01213,P017,2,299,10,538.2
OI001970,O01213,P017,1,299,5,284.05
OI001971,O01214,P023,1,499,15,424.15
OI001972,O01215,P016,2,299,10,538.2
OI001973,O01215,P024,1,799,15,679.15
OI001974,O01215,P011,2,349,0,698.0
OI001975,O01216,P005,1,699,20,559.2
OI001976,O01216,P021,1,399,5,379.05
OI001977,O01216,P011,2,349,10,628.2
OI001978,O01217,P024,1,799,5,759.05
OI001979,O01218,P011,1,349,10,314.1
OI001980,O01218,P028,1,249,5,236.55
OI001981,O01218,P014,3,499,10,1347.3
OI001982,O01218,P002,2,599,5,1138.1
OI001983,O01219,P016,1,299,5,284.05
OI001984,O01219,P018,1,349,20,279.2
OI001985,O01219,P011,1,349,5,331.55
OI001986,O01220,P002,2,599,10,1078.2
OI001987,O01220,P009,1,349,0,349.0
OI001988,O01220,P023,2,499,10,898.2
OI001989,O01221,P002,1,599,10,539.1
OI001990,O01222,P004,2,649,10,1168.2
OI001991,O01223,P001,1,549,10,494.1
OI001992,O01223,P004,1,649,10,584.1
OI001993,O01224,P014,1,499,10,449.1
OI001994,O01225,P004,1,649,20,519.2
OI001995,O01225,P025,1,599,5,569.05
OI001996,O01226,P025,1,599,15,509.15
OI001997,O01226,P002,2,599,0,1198.0
OI001998,O01226,P001,1,549,20,439.2
OI001999,O01227,P013,1,399,10,359.1
OI002000,O01228,P001,1,549,5,521.55
OI002001,O01228,P009,1,349,0,349.0
OI002002,O01229,P012,1,449,10,404.1
OI002003,O01229,P004,1,649,10,584.1
OI002004,O01229,P009,1,349,15,296.65
OI002005,O01230,P011,1,349,25,261.75
OI002006,O01231,P016,2,299,0,598.0
OI002007,O01231,P004,1,649,0,649.0
OI002008,O01231,P018,3,349,10,942.3
OI002009,O01232,P025,2,599,10,1078.2
OI002010,O01232,P027,2,399,10,718.2
OI002011,O01232,P016,1,299,15,254.15
OI002012,O01232,P004,1,649,20,519.2
OI002013,O01233,P006,1,599,0,599.0
OI002014,O01234,P028,1,249,0,249.0
OI002015,O01235,P006,1,599,20,479.2
OI002016,O01235,P001,1,549,5,521.55
OI002017,O01236,P016,1,299,15,254.15
OI002018,O01237,P028,1,249,20,199.2
OI002019,O01237,P010,1,399,10,359.1
OI002020,O01237,P026,1,449,20,359.2
OI002021,O01238,P011,1,349,10,314.1
OI002022,O01239,P011,1,349,10,314.1
OI002023,O01240,P008,1,799,10,719.1
OI002024,O01240,P027,1,399,20,319.2
OI002025,O01241,P018,1,349,15,296.65
OI002026,O01241,P004,2,649,15,1103.3
OI002027,O01242,P004,1,649,15,551.65
OI002028,O01243,P028,2,249,20,398.4
OI002029,O01244,P001,2,549,10,988.2
OI002030,O01245,P014,1,499,15,424.15
OI002031,O01246,P016,2,299,0,598.0
OI002032,O01247,P028,1,249,0,249.0
OI002033,O01247,P006,1,599,15,509.15
OI002034,O01247,P026,1,449,5,426.55
OI002035,O01247,P017,1,299,20,239.2
OI002036,O01248,P013,1,399,0,399.0
OI002037,O01248,P001,1,549,0,549.0
OI002038,O01249,P014,1,499,20,399.2
OI002039,O01249,P011,2,349,15,593.3
OI002040,O01249,P006,2,599,10,1078.2
OI002041,O01250,P014,1,499,15,424.15
OI002042,O01250,P015,1,449,20,359.2
